{
    "Format": "2.8.1",
    //"ConfigSchema": [
    //    {
    //        "Name": "",
    //        "Value": ""
    //    }
    //],
    "Changes": [
        //patch reload L0veRaven.PTEE
        //debug ebi L0veRaven.PTEE_001
        {
            "LogName": "Event 1 - Caroline, Pierre, Abigail",
            "Action": "EditData",
            "Target": "Data/Events/SeedShop",
            "Entries": {
                "{{ModId}}_HelpOut/SawEvent 4/Weather rainy/Time 1400 2600": null,
                "{{ModId}}_001/SawEvent 4/Weather rainy/Time 1400 2600/!SawEvent {{ModId}}_HelpOut": "jaunty/36 7/farmer -1000 -1000 2 Caroline 37 5 0 Pierre 39 8 1 Abigail 24 14 1/skippable/pause 2000/
                --Start/
                speak Caroline \"{{i18n:event1.001}}\"/pause 500/
                speak Pierre \"{{i18n:event1.002}}\"/pause 500/
                speak Caroline \"{{i18n:event1.003}}\"/pause 500/
                speak Pierre \"{{i18n:event1.004}}\"/pause 500/move Pierre 0 1 3/move Pierre -2 0 3/
                speak Pierre \"{{i18n:event1.005}}\"/move Abigail 6 0 0/move Abigail 0 -1 1/move Abigail 1 0 0/move Abigail 0 -5 1/
                speak Caroline \"{{i18n:event1.006}}\"/pause 500/faceDirection Caroline 2/emote Caroline 12/jump Caroline 8/pause 500/shake Caroline 1000/pause 1500/
                speak Caroline \"{{i18n:event1.007}}\"/pause 500/faceDirection Pierre 0/pause 500/
                speak Pierre \"{{i18n:event1.008}}\"/pause 500/
                speak Abigail \"{{i18n:event1.009}}\"/pause 500/
                speak Caroline \"{{i18n:event1.010}}\"/pause 500/
                speak Abigail \"{{i18n:event1.011}}\"/pause 500/move Abigail 0 5 3/move Abigail -1 0 2/move Abigail 0 1 3/move Abigail -6 0 2/
                speak Pierre \"{{i18n:event1.012}}\"/pause 500/
                speak Caroline \"{{i18n:event1.013}}\"/pause 500/
                speak Pierre \"{{i18n:event1.014}}\"/pause 500/
                speak Caroline \"{{i18n:event1.015}}\"/pause 500/
                speak Pierre \"{{i18n:event1.016}}\"/pause 500/
                speak Caroline \"{{i18n:event1.017}}\"/pause 500/move Pierre 1 0 0/move Pierre 0 -4 3/
                speak Pierre \"{{i18n:event1.018}}\"/pause 500/
                speak Caroline \"{{i18n:event1.019}}\"/pause 500/faceDirection Pierre 0 true/faceDirection Caroline 0/emote Pierre 28 true/emote Caroline 32/pause 500/
                --End with dialogue/end dialogue Abigail \"{{i18n:event1.020}}\" dialogue Pierre \"{{i18n:event1.021}}\" dialogue Caroline \"{{i18n:event1.022}}\""
            }
        },
        //patch reload L0veRaven.PTEE
        //debug ebi L0veRaven.PTEE_002
        {
            "LogName": "Event 2 - Vincent, Sam",
            "Action": "EditData",
            "Target": "Data/Events/SamHouse",
            "Entries": {
                "{{ModId}}_BrotherBanter/Weather rainy/Friendship Vincent 500": null,
                "{{ModId}}_002/Weather rainy/Friendship Vincent 500/!SawEvent {{ModId}}_BrotherBanter": "jaunty/18 15/farmer -1000 -1000 2 Vincent 12 15 0 Sam 21 13 2/skippable/pause 2000/
                --Start/
                speak Vincent \"{{i18n:event2.001}}\"/pause 500/
                speak Vincent \"{{i18n:event2.002}}\"/pause 1500/
                speak Sam \"{{i18n:event2.003}}\"/pause 1500/
                speak Vincent \"{{i18n:event2.004}}\"/pause 1500/
                speak Sam \"{{i18n:event2.005}}\"/pause 1500/
                speak Vincent \"{{i18n:event2.006}}\"/pause 500/move Sam -9 0 2/move Sam 0 1 2/pause 500/doAction 12 14/pause 500/
                speak Sam \"{{i18n:event2.007}}\"/pause 500/
                speak Vincent \"{{i18n:event2.008}}\"/pause 500/
                speak Sam \"{{i18n:event2.009}}\"/pause 500/
                speak Vincent \"{{i18n:event2.010}}\"/pause 500/
                speak Sam \"{{i18n:event2.011}}\"/pause 500/
                speak Vincent \"{{i18n:event2.012}}\"/pause 500/
                speak Sam \"{{i18n:event2.013}}\"/pause 500/jump Vincent 8/pause 300/
                speak Vincent \"{{i18n:event2.014}}\"/pause 500/move Vincent -5 0 0/move Vincent 0 -9 1/move Vincent 1 0 3/
                speak Sam \"{{i18n:event2.015}}\"/pause 500/faceDirection Sam 1/pause 500/
                speak Sam \"{{i18n:event2.016}}\"/pause 500/
                speak Vincent \"{{i18n:event2.017}}\"/pause 500/faceDirection Sam 2/pause 500/
                speak Sam \"{{i18n:event2.018}}\"/pause 500/
                end"
            }
        },
        //patch reload L0veRaven.PTEE
        //debug ebi L0veRaven.PTEE_003
        {
            "LogName": "Event 3 - Jas, Vincent",
            "Action": "EditData",
            "Target": "Data/Events/Forest",
            "Entries": {
                "{{ModId}}_Innocence/Weather sunny/Friendship Jas 500": null,
                "{{ModId}}_003/Weather sunny/Friendship Jas 500/!SawEvent {{ModId}}_Innocence": "jaunty/39 11/farmer -1000 -1000 2 Vincent 41 11 2 Jas 38 11 2/skippable/showFrame Jas 22/showFrame Vincent 24/pause 3000/
                --Start/
                speak Vincent \"{{i18n:event3.001}}\"/pause 500/
                speak Jas \"{{i18n:event3.002}}\"/pause 500/
                speak Vincent \"{{i18n:event3.003}}\"/pause 500/faceDirection Jas 1/pause 500/
                speak Jas \"{{i18n:event3.004}}\"/pause 500/faceDirection Vincent 3/pause 500/
                speak Vincent \"{{i18n:event3.005}}\"/pause 500/
                speak Jas \"{{i18n:event3.006}}\"/pause 500/
                speak Vincent \"{{i18n:event3.007}}\"/pause 500/
                speak Jas \"{{i18n:event3.008}}\"/pause 500/
                speak Vincent \"{{i18n:event3.009}}\"/pause 500/
                speak Jas \"{{i18n:event3.010}}\"/pause 500/jump Vincent 8/pause 500/
                speak Vincent \"{{i18n:event3.011}}\"/pause 500/
                speak Jas \"{{i18n:event3.012}}\"/pause 500/
                speak Vincent \"{{i18n:event3.013}}\"/pause 500/emote Vincent 32 true/emote Jas 32/pause 500/
                end"
            }
        },
        {
            "LogName": "Blank Load for Blacksmith Event Location",
            "Action": "Load",
            "Priority": "Low",
            "Target": "Data/Events/Blacksmith",
            "FromFile": "blank.json"
        },
        //patch reload L0veRaven.PTEE
        //debug ebi L0veRaven.PTEE_004
        {
            "LogName": "Letter Draft - Clint (Vanilla)",
            "Action": "EditData",
            "Target": "Data/Events/Blacksmith",
            "Entries": {
                "{{ModId}}_LetterDraft/Friendship Clint 500": null,
                "{{ModId}}_004/Friendship Clint 500/!SawEvent {{ModId}}_LetterDraft": "jaunty/4 6/farmer -1000 -1000 2 Clint 2 6 3/skippable/pause 1500/
                --Start/
                emote Clint 28 true/shake Clint 1500/pause 2000/
                speak Clint \"{{i18n:event4.001}}\"/pause 500/faceDirection Clint 2/pause 500/emote Clint 12/pause 300/
                speak Clint \"{{i18n:event4.002}}\"/pause 500/faceDirection Clint 3/pause 500/emote Clint 40/pause 300/
                speak Clint \"{{i18n:event4.003}}\"/pause 500/emote Clint 40/pause 500/
                speak Clint \"{{i18n:event4.004}}\"/pause 500/
                speak Clint \"{{i18n:event4.005}}\"/pause 500/shake Clint 1500/pause 500/
                speak Clint \"{{i18n:event4.006}}\"/
                speak Clint \"{{i18n:event4.007}}\"/pause 500/move Clint 4 0 0/move Clint 0 -1 1/move Clint 2 0 0/move Clint 0 -1 1/move Clint 1 0 2/pause 500/
                speak Clint \"{{i18n:event4.008}}\"/pause 500/emote Clint 28/pause 500/
                end"
            },
            "When": {
                "HasMod: |contains=FlashShifter.StardewValleyExpandedCP": false
            }
        },
        {
            "LogName": "Letter Draft - Clint (SVE)",
            "Action": "EditData",
            "Target": "Data/Events/Blacksmith",
            "Entries": {
                "{{ModId}}_LetterDraft/Friendship Clint 500": null,
                "{{ModId}}_004/Friendship Clint 500/!SawEvent {{ModId}}_LetterDraft": "jaunty/4 6/farmer -1000 -1000 2 Clint 11 6 0/skippable/pause 1500/
                --Start/
                emote Clint 28 true/shake Clint 1500/pause 2000/
                speak Clint \"{{i18n:event4.001}}\"/pause 500/faceDirection Clint 2/pause 500/emote Clint 12/pause 300/
                speak Clint \"{{i18n:event4.002}}\"/pause 500/faceDirection Clint 0/pause 500/emote Clint 40/pause 300/
                speak Clint \"{{i18n:event4.003}}\"/pause 500/emote Clint 40/pause 500/
                speak Clint \"{{i18n:event4.004}}\"/pause 500/
                speak Clint \"{{i18n:event4.005}}\"/pause 500/shake Clint 1500/pause 500/
                speak Clint \"{{i18n:event4.006}}\"/
                speak Clint \"{{i18n:event4.007}}\"/pause 500/move Clint -3 0 0/move Clint 0 -1 1/move Clint 1 0 0/pause 500/
                speak Clint \"{{i18n:event4.008}}\"/pause 500/emote Clint 28/pause 500/
                end"
            },
            "When": {
                "HasMod: |contains=FlashShifter.StardewValleyExpandedCP": true
            }
        },
        //patch reload L0veRaven.PTEE
        //debug ebi L0veRaven.PTEE_005
        {
            "LogName": "Advice - Pam, Shane, Penny",
            "Action": "EditData",
            "Target": "Data/Events/Town",
            "Entries": {
                "{{ModId}}_Advice/Friendship Shane 1000/Weather sunny/SawEvent 3910674/DayOfWeek Sunday": null,
                "{{ModId}}_005/Friendship Shane 1000/Weather sunny/SawEvent 3910674/DayOfWeek Sunday/!SawEvent {{ModId}}_Advice": "jaunty/72 70/farmer -1000 -1000 2 Pam 73 69 2 Shane 71 69 2 Penny -999 -1000 2/skippable/pause 5000/
                --Start/
                speak Pam \"{{i18n:event5.001}}\"/pause 500/
                speak Shane \"{{i18n:event5.002}}\"/pause 500/faceDirection Shane 1/pause 500/
                speak Shane \"{{i18n:event5.003}}\"/pause 500/
                speak Pam \"{{i18n:event5.004}}\"/pause 500/faceDirection Shane 2/pause 500/showFrame Shane 19/pause 500/
                speak Shane \"{{i18n:event5.005}}\"/pause 500/
                speak Pam \"{{i18n:event5.006}}\"/pause 500/
                speak Shane \"{{i18n:event5.007}}\"/pause 500/
                speak Pam \"{{i18n:event5.008}}\"/pause 500/showFrame Shane 0/pause 500/
                speak Shane \"{{i18n:event5.009}}\"/pause 500/
                speak Pam \"{{i18n:event5.010}}\"/pause 500/faceDirection Pam 2/pause 500/
                speak Pam \"{{i18n:event5.011}}\"/pause 500/
                speak Shane \"{{i18n:event5.012}}\"/pause 500/faceDirection Pam 3/pause 500/
                speak Pam \"{{i18n:event5.013}}\"/pause 500/faceDirection Shane 1/pause 500/
                speak Shane \"{{i18n:event5.014}}\"/pause 1000/
                speak Pam \"{{i18n:event5.015}}\"/pause 1000/warp Penny 72 69/pause 1000/faceDirection Penny 1/pause 300/faceDirection Penny 3/pause 500/
                speak Penny \"{{i18n:event5.016}}\"/pause 500/
                speak Shane \"{{i18n:event5.017}}\"/pause 500/
                speak Pam \"{{i18n:event5.018}}\"/pause 500/faceDirection Penny 1/pause 500/
                speak Penny \"{{i18n:event5.019}}\"/pause 500/
                speak Pam \"{{i18n:event5.020}}\"/pause 500/faceDirection Shane 2 true/faceDirection Pam 2 true/move Penny 0 2 3/move Penny -5 0 3/faceDirection Shane 3 true/faceDirection Pam 3 true/move Penny -5 0 3/
                end"
            }
        },
        //patch reload L0veRaven.PTEE
        //debug ebi L0veRaven.PTEE_006
        {
            "LogName": "Memories - Jas",
            "Action": "EditData",
            "Target": "Data/Events/Town",
            "Entries": {
                "{{ModId}}_Memories/Friendship Jas 250/Weather sunny/DayOfWeek Sunday Monday": null,
                "{{ModId}}_006/Friendship Jas 250/Weather sunny/Time 1200 1600/DayOfWeek Sunday Monday/!SawEvent {{ModId}}_Memories": "jaunty/47 89/farmer -1000 -1000 2 Jas 47 94 0/skippable/pause 500/
                --Start/move Jas 0 -5 0/pause 1500/faceDirection Jas 1/pause 500/faceDirection Jas 3/pause 500/emote Jas 40 true/faceDirection Jas 2/pause 1500/
                speak Jas \"{{i18n:event6.001}}\"/pause 500/shake Jas 1000/pause 1500/
                speak Jas \"{{i18n:event6.002}}\"/pause 500/move Jas -2 0 3/pause 500/
                speak Jas \"{{i18n:event6.003}}\"/pause 500/move Jas 4 0 1/pause 500/
                speak Jas \"{{i18n:event6.004}}\"/pause 500/move Jas -2 0 2/pause 500/
                speak Jas \"{{i18n:event6.005}}\"/pause 500/shake Jas 1000/pause 1500/
                speak Jas \"{{i18n:event6.006}}\"/pause 500/shake Jas 1000/pause 1500/emote Jas 40/pause 1000/move Jas 0 5 2/
                end"
            }
        },
        //patch reload L0veRaven.PTEE
        //debug ebi L0veRaven.PTEE_007
        {
            "LogName": "Bonds - Sam, Penny",
            "Action": "EditData",
            "Target": "Data/Events/Beach",
            "Entries": {
                "{{ModId}}_Bonds/Friendship Sam 1000/Weather sunny/DayOfWeek Mon Tue Wed Thu Fri/Year 1/Time 1200 1600": null,
                "{{ModId}}_007/Friendship Sam 1000/Weather sunny/DayOfWeek Mon Tue Wed Thu Fri/Year 1/Time 1200 1600/!SawEvent {{ModId}}_Bonds": "jaunty/11 13/farmer -1000 -1000 2 Penny 11 12 3 Sam 17 12 3/skippable/pause 500/
                --Start/
                move Sam -4 0 3/pause 500/
                speak Penny \"{{i18n:event7.001}}\"/pause 500/emote Penny 40/pause 500/jump Sam 4/pause 500/faceDirection Penny 1/pause 500/jump Penny 4/pause 500/
                speak Penny \"{{i18n:event7.002}}\"/pause 500/
                speak Sam \"{{i18n:event7.003}}\"/pause 500/
                speak Penny \"{{i18n:event7.004}}\"/faceDirection Penny 3 true/move Sam 0 -2 3/move Sam -2 0 3/pause 1500/
                speak Penny \"{{i18n:event7.005}}\"/pause 1500/
                speak Sam \"{{i18n:event7.006}}\"/pause 3000/
                speak Sam \"{{i18n:event7.007}}\"/pause 500/faceDirection Penny 0/pause 500/
                speak Penny \"{{i18n:event7.008}}\"/pause 1500/
                speak Sam \"{{i18n:event7.009}}\"/pause 1000/faceDirection Penny 3/pause 500/
                speak Penny \"{{i18n:event7.010}}\"/pause 500/
                speak Sam \"{{i18n:event7.011}}\"/pause 500/
                emote Sam 40/pause 1500/
                speak Sam \"{{i18n:event7.012}}\"/
                speak Penny \"{{i18n:event7.013}}\"/pause 500/emote Sam 28/pause 1000/
                speak Sam \"{{i18n:event7.014}}\"/pause 1500/
                speak Penny \"{{i18n:event7.015}}\"/pause 2000/
                speak Penny \"{{i18n:event7.016}}\"/pause 500/
                speak Sam \"{{i18n:event7.017}}\"/pause 1500/
                speak Sam \"{{i18n:event7.018}}\"/pause 2000/
                speak Penny \"{{i18n:event7.019}}\"/pause 1000/
                speak Sam \"{{i18n:event7.020}}\"/pause 2000/
                speak Penny \"{{i18n:event7.021}}\"/pause 500/faceDirection Sam 2 true/jump Sam 8/pause 500/
                speak Sam \"{{i18n:event7.022}}\"/pause 500/faceDirection Penny 0/pause 500/
                speak Penny \"{{i18n:event7.023}}\"/pause 500/
                speak Sam \"{{i18n:event7.024}}\"/pause 2000/
                speak Penny \"{{i18n:event7.025}}\"/pause 1000/faceDirection Penny 3/pause 1000/
                speak Penny \"{{i18n:event7.026}}\"/pause 1000/faceDirection Sam 3/pause 1000/
                speak Sam \"{{i18n:event7.027}}\"/pause 1000/
                speak Penny \"{{i18n:event7.028}}\"/pause 2000/
                speak Sam \"{{i18n:event7.029}}\"/pause 2000/
                speak Penny \"{{i18n:event7.030}}\"/pause 2000/
                speak Sam \"{{i18n:event7.031}}\"/pause 500/
                end"
            }
        },
        //1.0.1 Events
        //patch reload L0veRaven.PTEE
        //debug ebi L0veRaven.PTEE_008
        {
            "LogName": "Mourning - Jas, Farmer",
            "Action": "EditData",
            "Target": "Data/Events/Town",
            "Entries": {
                "{{ModId}}_Mourning/Weather sunny/Friendship Jas 500/DayOfWeek Tuesday Wednesday": null,
                "{{ModId}}_008/Weather sunny/Friendship Jas 500/Time 1200 1600/DayOfWeek Tuesday Wednesday/!SawEvent {{ModId}}_Mourning/SawEvent {{ModId}}_Memories {{ModId}}_006": "jaunty/47 89/farmer 47 92 0 Jas 45 88 2/skippable/animate Jas false true 100 16 17 18 19/pause 3000/
                --Start/emote farmer 8/pause 500/move farmer 0 -4 3/pause 500/
                speak Jas \"{{i18n:event8.001}}\"/pause 500/stopAnimation Jas 0/faceDirection Jas 1/pause 500/
                speak Jas \"{{i18n:event8.002}}\"/pause 500/emote farmer 8/pause 500/
                speak Jas \"{{i18n:event8.003}}\"/pause 500/shake Jas 1500/emote farmer 28/pause 1000/
                speak Jas \"{{i18n:event8.004}}\"/pause 500/shake Jas 500/pause 150/shake Jas 500/emote farmer 28/pause 1000/
                speak Jas \"{{i18n:event8.005}}\"/pause 500/faceDirection Jas 2/pause 500/
                speak Jas \"{{i18n:event8.006}}\"/pause 500/shake Jas 1500/pause 2000/
                speak Jas \"{{i18n:event8.007}}\"/pause 500/faceDirection Jas 1/pause 1000/
                quickQuestion {{i18n:event8.008}}#{{i18n:event8.009}}#{{i18n:event8.010}}#{{i18n:event8.011}}(break)friendship Jas 50\\pause 500\\speak Jas \"{{i18n:event8.012}}\"\\pause 500(break)friendship Jas 15\\pause 500\\speak Jas \"{{i18n:event8.013}}\"\\pause 500(break)friendship Jas -50\\pause 500\\speak Jas \"{{i18n:event8.014}}\"\\pause 500/
                speak Jas \"{{i18n:event8.015}}\"/pause 500/
                message \"{{i18n:event8.016}}\"/pause 500/
                speak Jas \"{{i18n:event8.017}}\"/pause 500/faceDirection Jas 3/pause 500/
                speak Jas \"{{i18n:event8.018}}\"/pause 500/faceDirection Jas 1/pause 500/
                speak Jas \"{{i18n:event8.019}}\"/pause 500/emote farmer 32/pause 500/
                speak Jas \"{{i18n:event8.020}}\"/faceDirection Jas 2/pause 500/animate Jas false true 100 16 17 18 19/pause 500/move farmer 0 5 2/
                end"
            }
        },
        //1.0.2 Events
        //patch reload L0veRaven.PTEE
        //debug ebi L0veRaven.PTEE_009
        {
            "LogName": "ReadingOutLoud - Jas, Vincent",
            "Action": "EditData",
            "Target": "Data/Events/Town",
            "Entries": {
                "{{ModId}}_ReadingOutLoud/Weather sunny/Friendship Jas 750/DayOfWeek Thursday Friday": null,
                "{{ModId}}_009/Weather sunny/Friendship Jas 750/Time 1200 1600/DayOfWeek Thursday Friday/!SawEvent {{ModId}}_ReadingOutLoud/SawEvent {{ModId}}_Mourning {{ModId}}_008": "jaunty/47 89/farmer -1000 -1000 2 Jas 45 88 2 Vincent 53 95 3/skippable/showFrame Jas 22/pause 500/
                --Start/move Vincent -6 0 0/pause 500/emote Vincent 8/pause 1000/move Vincent 0 -7 3/pause 500/
                speak Jas \"{{i18n:event9.001}}\"/pause 500/
                speak Vincent \"{{i18n:event9.002}}\"/pause 500/
                speak Jas \"{{i18n:event9.003}}\"/pause 500/faceDirection Vincent 0/pause 500/faceDirection Vincent 1/pause 500/faceDirection Vincent 2/pause 500/faceDirection Vincent 3/pause 500/
                speak Vincent \"{{i18n:event9.004}}\"/pause 500/faceDirection Jas 1/pause 500/
                speak Jas \"{{i18n:event9.005}}\"/pause 500/
                speak Vincent \"{{i18n:event9.006}}\"/pause 500/
                speak Jas \"{{i18n:event9.007}}\"/pause 500/
                speak Vincent \"{{i18n:event9.008}}\"/pause 500/
                speak Jas \"{{i18n:event9.009}}\"/pause 500/
                speak Vincent \"{{i18n:event9.010}}\"/pause 500/
                speak Jas \"{{i18n:event9.011}}\"/pause 500/
                speak Vincent \"{{i18n:event9.012}}\"/pause 500/
                speak Jas \"{{i18n:event9.013}}\"/pause 500/
                speak Vincent \"{{i18n:event9.014}}\"/pause 500/
                speak Jas \"{{i18n:event9.015}}\"/pause 500/
                speak Vincent \"{{i18n:event9.016}}\"/pause 500/
                speak Jas \"{{i18n:event9.017}}\"/pause 500/
                speak Vincent \"{{i18n:event9.018}}\"/pause 500/
                speak Jas \"{{i18n:event9.019}}\"/pause 500/
                speak Vincent \"{{i18n:event9.020}}\"/pause 500/showFrame Jas 22/move Vincent 0 5 2/
                end"
            }
        },
        //1.0.3 Events
        //patch reload L0veRaven.PTEE
        //debug ebi L0veRaven.PTEE_010
        {
            "LogName": "Event 10 - Jas, Marnie, Shane",
            "Action": "EditData",
            "Target": "Data/Events/Town",
            "Entries": {
                "{{ModId}}_010/Weather sunny/Friendship Jas 1000 Shane 1000/Time 1200 1600/DayOfWeek Saturday Sunday/SawEvent {{ModId}}_ReadingOutLoud {{ModId}}_009": "jaunty/47 89/farmer -1000 -1000 2 Jas 48 88 3 Marnie 46 95 0 Shane 47 95 0 /skippable/showFrame Jas 22/pause 500/
                --Start/emote Shane 16 true/emote Marnie 16 true/move Marnie 0 -7 1 true/move Shane 0 -5 0 true/pause 3500/
                speak Marnie \"{{i18n:event.010.01}}\"/pause 500/
                speak Jas \"{{i18n:event.010.02}}\"/pause 500/
                speak Marnie \"{{i18n:event.010.03}}\"/pause 500/
                speak Shane \"{{i18n:event.010.04}}\"/pause 500/
                speak Jas \"{{i18n:event.010.05}}\"/pause 500/
                speak Marnie \"{{i18n:event.010.06}}\"/pause 500/
                speak Shane \"{{i18n:event.010.07}}\"/pause 500/
                speak Marnie \"{{i18n:event.010.08}}\"/pause 500/
                speak Shane \"{{i18n:event.010.09}}\"/pause 500/move Marnie 0 7 1 true/move Shane 0 5 3 true/pause 3500/
                speak Marnie \"{{i18n:event.010.10}}\"/pause 500/
                speak Shane \"{{i18n:event.010.11}}\"/pause 500/
                speak Marnie \"{{i18n:event.010.12}}\"/pause 500/
                speak Shane \"{{i18n:event.010.13}}\"/pause 500/faceDirection Shane 0/pause 500/faceDirection Marnie 0/pause 500/
                speak Shane \"{{i18n:event.010.14}}\"/pause 500/
                speak Jas \"{{i18n:event.010.15}}\"/pause 500/faceDirection Marnie 1/pause 500/
                speak Marnie \"{{i18n:event.010.16}}\"/pause 500/faceDirection Shane 3/pause 500/
                speak Shane \"{{i18n:event.010.17}}\"/pause 500/
                speak Marnie \"{{i18n:event.010.18}}\"/pause 500/
                speak Shane \"{{i18n:event.010.19}}\"/pause 500/
                speak Marnie \"{{i18n:event.010.20}}\"/pause 500/
                speak Shane \"{{i18n:event.010.21}}\"/pause 500/
                speak Marnie \"{{i18n:event.010.22}}\"/pause 500/faceDirection Shane 1/pause 500/
                speak Shane \"{{i18n:event.010.23}}\"/pause 500/emote Marnie 28 true/move Shane 7 0 1/
                end"
            }
        },
        //patch reload L0veRaven.PTEE
        //debug ebi L0veRaven.PTEE_011
        {
            "LogName": "Event 11 - Jas, Marnie, Shane",
            "Action": "EditData",
            "Target": "Data/Events/AnimalShop",
            "Entries": {
                "{{ModId}}_011/Weather sunny/Friendship Jas 1250/DayOfWeek Monday Tuesday/SawEvent {{ModId}}_010": "jaunty/25 16/farmer -1000 -1000 2 Jas 17 15 3 Marnie 29 16 1 Shane 31 16 3/skippable/showFrame Jas 22/pause 3000/
                --Start/
                speak Marnie \"{{i18n:event.011.01}}\"/pause 500/
                speak Shane \"{{i18n:event.011.02}}\"/pause 500/
                speak Marnie \"{{i18n:event.011.03}}\"/pause 500/
                speak Shane \"{{i18n:event.011.04}}\"/pause 500/
                speak Marnie \"{{i18n:event.011.05}}\"/pause 500/move Jas 0 3 1 true/
                speak Shane \"{{i18n:event.011.06}}\"/move Jas 3 0 1 true/pause 500/
                speak Marnie \"{{i18n:event.011.07}}\"/pause 500/
                speak Shane \"{{i18n:event.011.08}}\"/pause 500/
                speak Marnie \"{{i18n:event.011.09}}\"/pause 500/
                speak Shane \"{{i18n:event.011.10}}\"/pause 500/move Jas 2 0 0/move Jas 0 -2 1/
                speak Marnie \"{{i18n:event.011.11}}\"/pause 500/jump Jas 8/emote Shane 28 true/faceDirection Marnie 3/pause 500/
                speak Jas \"{{i18n:event.011.12}}\"/pause 500/
                speak Shane \"{{i18n:event.011.13}}\"/pause 500/
                speak Jas \"{{i18n:event.011.14}}\"/emote Jas 32 true/emote Marnie 32 true/emote Shane 28 true/jump Jas 8/pause 700/jump Jas 8/pause 700/jump Jas 10/pause 700/jump Jas 8/pause 1000/
                end"
            }
        },
        //patch reload L0veRaven.PTEE
        //debug ebi L0veRaven.PTEE_012
        {
            "LogName": "Event 12 - Jas, Marnie, Shane",
            "Action": "EditData",
            "Target": "Data/Events/BusStop",
            "Entries": {
                "{{ModId}}_012/Weather sunny/Friendship Jas 1500/DayOfWeek Wednesday Thursday/SawEvent {{ModId}}_011": "jaunty/22 11/farmer -1000 -1000 2 Jas 21 11 0 Shane 22 11 0/skippable/pause 3000/
                --Start/
                speak Shane \"{{i18n:event.012.01}}\"/pause 500/faceDirection Jas 1/pause 500/jump Jas 8/pause 500/
                speak Jas \"{{i18n:event.012.02}}\"/pause 500/faceDirection Shane 3/pause 500/
                speak Shane \"{{i18n:event.012.03}}\"/pause 500/move Jas 0 1 3/move Jas -4 0 0/pause 500/shake Jas 500/pause 1000/shake Jas 500/pause 2000/jump Jas 8/pause 1000/move Jas 4 0 0/move Jas 0 -1 1/pause 500/
                speak Jas \"{{i18n:event.012.04}}\"/pause 500/
                speak Shane \"{{i18n:event.012.05}}\"/pause 500/move Shane 0 -2 0/warp Shane -1001 -1000 true/move Jas 1 0 0/move Jas 0 -2 0/warp Jas -1002 -1000/pause 1500/
                end"
            }
        },
        //patch reload L0veRaven.PTEE
        //debug ebi L0veRaven.PTEE_013
        {
            "LogName": "Event 13 - Jas, Shane",
            "Action": "EditData",
            "Target": "Data/Events/Forest",
            "Entries": {
                "{{ModId}}_013/Weather rainy/Friendship Jas 1750/SawEvent {{ModId}}_012": "jaunty/90 16/farmer -1000 -1000 2 Jas -1001 -1000 2 Shane -1002 -1000 2/skippable/pause 3000/
                --Start/warp Jas 90 16/pause 250/move Jas 0 4 2/pause 500/emote Jas 28/pause 500/
                speak Jas \"{{i18n:event.013.01}}\"/pause 500/playSound doorClose/warp Shane 90 16/pause 1000/
                speak Shane \"{{i18n:event.013.02}}\"/pause 500/faceDirection Jas 0/pause 500/
                speak Jas \"{{i18n:event.013.03}}\"/pause 500/
                speak Shane \"{{i18n:event.013.04}}\"/pause 500/
                speak Jas \"{{i18n:event.013.05}}\"/pause 500/
                speak Shane \"{{i18n:event.013.06}}\"/pause 500/jump Jas 8/pause 500/faceDirection Jas 2/pause 500/emote Jas 12/pause 500/
                speak Jas \"{{i18n:event.013.07}}\"/pause 500/emote Shane 28/pause 500/
                speak Shane \"{{i18n:event.013.08}}\"/pause 500/move Shane 0 3 2/pause 500/
                speak Shane \"{{i18n:event.013.09}}\"/pause 500/faceDirection Shane 1/pause 500/
                speak Shane \"{{i18n:event.013.10}}\"/pause 500/faceDirection Shane 2/pause 500/faceDirection Jas 0/pause 500/
                speak Jas \"{{i18n:event.013.11}}\"/pause 500/
                speak Shane \"{{i18n:event.013.12}}\"/pause 500/
                speak Jas \"{{i18n:event.013.13}}\"/pause 500/
                speak Shane \"{{i18n:event.013.14}}\"/pause 1000/
                end"
            }
        },
        //patch reload L0veRaven.PTEE
        //debug ebi L0veRaven.PTEE_014
        {
            "LogName": "Event 14 - Jas",
            "Action": "EditData",
            "Target": "Data/Events/AnimalShop",
            "Entries": {
                "{{ModId}}_014/Friendship Jas 2000/SawEvent {{ModId}}_013": "jaunty/4 6/farmer -1000 -1000 2 Jas 4 4 3/skippable/showFrame Jas 22/pause 2000/
                --Start/shake Jas 500/pause 1000/shake Jas 500/pause 1000/shake Jas 500/pause 1000/
                speak Jas \"{{i18n:event.014.01}}\"/pause 500/emote Jas 28/pause 500/shake Jas 500/pause 1000/
                speak Jas \"{{i18n:event.014.02}}\"/pause 500/move Jas 0 2 2/pause 500/
                speak Jas \"{{i18n:event.014.03}}\"/pause 500/faceDirection Jas 1/pause 500/
                speak Jas \"{{i18n:event.014.04}}\"/pause 500/emote Jas 28 true/shake Jas 500/pause 1000/move Jas 0 1 3/move Jas -3 0 3/pause 500/emote Jas 28/shake Jas 500/pause 2000/
                end"
            }
        },
        //patch reload L0veRaven.PTEE
        //debug ebi L0veRaven.PTEE_015
        {
            "LogName": "Event 15 - Jas",
            "Action": "EditData",
            "Target": "Data/Events/AnimalShop",
            "Entries": {
                "{{ModId}}_015/Friendship Jas 2500/SawEvent {{ModId}}_014/Time 900 1200": "jaunty/24 6/farmer -1000 -1000 2 Jas 21 14 0 Shane 27 4 1/skippable/pause 2000/
                --Start/shake Shane 500/pause 1000/shake Shane 500/pause 1000/faceDirection Shane 3/pause 1000/
                speak Shane \"{{i18n:event.015.01}}\"/pause 500/move Shane -2 0 2/pause 500/
                speak Shane \"{{i18n:event.015.02}}\"/pause 500/faceDirection Shane 3/pause 500/shake Shane 500/pause 1000/
                message \"{{i18n:event.015.03}}\"/pause 120/
                message \"{{i18n:event.015.04}}\"/pause 120/
                message \"{{i18n:event.015.05}}\"/pause 120/showFrame Shane 18/jump Shane 10/shake Shane 500/playSound batScreech/pause 1000/faceDirection Shane 2/pause 1000/
                speak Shane \"{{i18n:event.015.06}}\"/pause 500/move Shane 0 3 2/pause 500/
                speak Jas \"{{i18n:event.015.07}}\"/pause 500/move Shane -4 0 2/move Shane 0 5 2/doAction 21 13/pause 500/
                speak Shane \"{{i18n:event.015.08}}\"/pause 500/jump Jas 10/shake Jas 500/playSound batScreech/pause 1000/
                speak Jas \"{{i18n:event.015.09}}\"/pause 500/faceDirection Jas 1/pause 150/faceDirection Jas 2/pause 500/
                speak Jas \"{{i18n:event.015.10}}\"/pause 500/emote Jas 32 true/emote Shane 32/pause 1000/
                end"
            }
        },
        //patch reload L0veRaven.PTEE
        //debug ebi L0veRaven.PTEE_016
        {
            "LogName": "Event 16 - Anthony, Alex, Haley",
            "Action": "EditData",
            "Target": "Data/Events/Town",
            "Entries": {
                "{{ModId}}_016/Friendship Anthony 250/Season summer/Time 1200 1700/Weather sunny": "jaunty/90 94/farmer -1000 -1000 2 Anthony 82 94 1 Alex 88 91 1 Haley 90 91 3/skippable/pause 2000/
                --Start/
                speak  \"{{i18n:event.016.01}}\"/pause 500/
                end"
            },
            "When": {
                "HasMod: |contains=BlackBerry.anthony": true
            }
        },
    ]
}