{
    "Format": "2.7.5",
    //"ConfigSchema": [
    //    {
    //        "Name": "",
    //        "Value": ""
    //    }
    //],
    "Changes": [
        //Help Out: patch reload L0veRaven.PTEE
        //Help Out: debug ebi L0veRaven.PTEE_HelpOut
        {
            "LogName": "Help Out - Caroline, Pierre, Abigail",
            "Action": "EditData",
            "Target": "Data/Events/SeedShop",
            "Entries": {
                "{{ModId}}_HelpOut/SawEvent 4/Weather rainy/Time 1400 2600": "jaunty/36 7/farmer -1000 -1000 2 Caroline 37 5 0 Pierre 39 8 1 Abigail 24 14 1/skippable/pause 2000/
                --Start/
                speak Caroline \"{{i18n:event1.001}}\"/pause 500/
                speak Pierre \"{{i18n:event1.002}}\"/pause 500/
                speak Caroline \"{{i18n:event1.003}}\"/pause 500/
                speak Pierre \"{{i18n:event1.004}}\"/pause 500/move Pierre 0 1 3/move Pierre -2 0 3/
                speak Pierre \"{{i18n:event1.005}}\"/move Abigail 6 0 0/move Abigail 0 -1 1/move Abigail 1 0 0/move Abigail 0 -5 1/
                speak Caroline \"{{i18n:event1.006}}\"/pause 500/faceDirection Caroline 2/emote Caroline 12/jump Caroline 8/pause 500/shake Caroline 1000/pause 1500/
                speak Caroline \"{{i18n:event1.007}}\"/pause 500/faceDirection Pierre 0/pause 500/
                speak Pierre \"{{i18n:event1.008}}\"/pause 500/
                speak Abigail \"{{i18n:event1.009}}\"/pause 500/
                speak Caroline \"{{i18n:event1.010}}\"/pause 500/
                speak Abigail \"{{i18n:event1.011}}\"/pause 500/move Abigail 0 5 3/move Abigail -1 0 2/move Abigail 0 1 3/move Abigail -6 0 2/
                speak Pierre \"{{i18n:event1.012}}\"/pause 500/
                speak Caroline \"{{i18n:event1.013}}\"/pause 500/
                speak Pierre \"{{i18n:event1.014}}\"/pause 500/
                speak Caroline \"{{i18n:event1.015}}\"/pause 500/
                speak Pierre \"{{i18n:event1.016}}\"/pause 500/
                speak Caroline \"{{i18n:event1.017}}\"/pause 500/move Pierre 1 0 0/move Pierre 0 -4 3/
                speak Pierre \"{{i18n:event1.018}}\"/pause 500/
                speak Caroline \"{{i18n:event1.019}}\"/pause 500/faceDirection Pierre 0 true/faceDirection Caroline 0/emote Pierre 28 true/emote Caroline 32/pause 500/
                --End with dialogue/end dialogue Abigail \"{{i18n:event1.020}}\" dialogue Pierre \"{{i18n:event1.021}}\" dialogue Caroline \"{{i18n:event1.022}}\""
            }
        },
        //Brother Banter: patch reload L0veRaven.PTEE
        //Brother Banter: debug ebi L0veRaven.PTEE_BrotherBanter
        {
            "LogName": "Brother Banter - Vincent, Sam",
            "Action": "EditData",
            "Target": "Data/Events/SamHouse",
            "Entries": {
                "{{ModId}}_BrotherBanter/Weather rainy/Friendship Vincent 500": "jaunty/18 15/farmer -1000 -1000 2 Vincent 12 15 0 Sam 21 13 2/skippable/pause 2000/
                --Start/
                speak Vincent \"{{i18n:event2.001}}\"/pause 500/
                speak Vincent \"{{i18n:event2.002}}\"/pause 1500/
                speak Sam \"{{i18n:event2.003}}\"/pause 1500/
                speak Vincent \"{{i18n:event2.004}}\"/pause 1500/
                speak Sam \"{{i18n:event2.005}}\"/pause 1500/
                speak Vincent \"{{i18n:event2.006}}\"/pause 500/move Sam -9 0 2/move Sam 0 1 2/pause 500/doAction 12 14/pause 500/
                speak Sam \"{{i18n:event2.007}}\"/pause 500/
                speak Vincent \"{{i18n:event2.008}}\"/pause 500/
                speak Sam \"{{i18n:event2.009}}\"/pause 500/
                speak Vincent \"{{i18n:event2.010}}\"/pause 500/
                speak Sam \"{{i18n:event2.011}}\"/pause 500/
                speak Vincent \"{{i18n:event2.012}}\"/pause 500/
                speak Sam \"{{i18n:event2.013}}\"/pause 500/jump Vincent 8/pause 300/
                speak Vincent \"{{i18n:event2.014}}\"/pause 500/move Vincent -5 0 0/move Vincent 0 -9 1/move Vincent 1 0 3/
                speak Sam \"{{i18n:event2.015}}\"/pause 500/faceDirection Sam 1/pause 500/
                speak Sam \"{{i18n:event2.016}}\"/pause 500/
                speak Vincent \"{{i18n:event2.017}}\"/pause 500/faceDirection Sam 2/pause 500/
                speak Sam \"{{i18n:event2.018}}\"/pause 500/
                end"
            }
        },
        //Innocence: patch reload L0veRaven.PTEE
        //Innocence: debug ebi L0veRaven.PTEE_Innocence
        {
            "LogName": "Innocence - Jas, Vincent",
            "Action": "EditData",
            "Target": "Data/Events/Forest",
            "Entries": {
                "{{ModId}}_Innocence/Weather sunny/Friendship Jas 500": "jaunty/39 11/farmer -1000 -1000 2 Vincent 41 11 2 Jas 38 11 2/skippable/showFrame Jas 22/showFrame Vincent 24/pause 3000/
                --Start/
                speak Vincent \"{{i18n:event3.001}}\"/pause 500/
                speak Jas \"{{i18n:event3.002}}\"/pause 500/
                speak Vincent \"{{i18n:event3.003}}\"/pause 500/faceDirection Jas 1/pause 500/
                speak Jas \"{{i18n:event3.004}}\"/pause 500/faceDirection Vincent 3/pause 500/
                speak Vincent \"{{i18n:event3.005}}\"/pause 500/
                speak Jas \"{{i18n:event3.006}}\"/pause 500/
                speak Vincent \"{{i18n:event3.007}}\"/pause 500/
                speak Jas \"{{i18n:event3.008}}\"/pause 500/
                speak Vincent \"{{i18n:event3.009}}\"/pause 500/
                speak Jas \"{{i18n:event3.010}}\"/pause 500/jump Vincent 8/pause 500/
                speak Vincent \"{{i18n:event3.011}}\"/pause 500/
                speak Jas \"{{i18n:event3.012}}\"/pause 500/
                speak Vincent \"{{i18n:event3.013}}\"/pause 500/emote Vincent 32 true/emote Jas 32/pause 500/
                end"
            }
        },
        {
            "LogName": "Blank Load for Blacksmith Event Location",
            "Action": "Load",
            "Priority": "Low",//line added in 1.0.1
            "Target": "Data/Events/Blacksmith",
            "FromFile": "blank.json"
        },
        //Letter Draft: patch reload L0veRaven.PTEE
        //Letter Draft: debug ebi L0veRaven.PTEE_LetterDraft
        {
            "LogName": "Letter Draft - Clint (Vanilla)",
            "Action": "EditData",
            "Target": "Data/Events/Blacksmith",
            "Entries": {
                "{{ModId}}_LetterDraft/Friendship Clint 500": "jaunty/4 6/farmer -1000 -1000 2 Clint 2 6 3/skippable/pause 1500/
                --Start/
                emote Clint 28 true/shake Clint 1500/pause 2000/
                speak Clint \"{{i18n:event4.001}}\"/pause 500/faceDirection Clint 2/pause 500/emote Clint 12/pause 300/
                speak Clint \"{{i18n:event4.002}}\"/pause 500/faceDirection Clint 3/pause 500/emote Clint 40/pause 300/
                speak Clint \"{{i18n:event4.003}}\"/pause 500/emote Clint 40/pause 500/
                speak Clint \"{{i18n:event4.004}}\"/pause 500/
                speak Clint \"{{i18n:event4.005}}\"/pause 500/shake Clint 1500/pause 500/
                speak Clint \"{{i18n:event4.006}}\"/
                speak Clint \"{{i18n:event4.007}}\"/pause 500/move Clint 4 0 0/move Clint 0 -1 1/move Clint 2 0 0/move Clint 0 -1 1/move Clint 1 0 2/pause 500/
                speak Clint \"{{i18n:event4.008}}\"/pause 500/emote Clint 28/pause 500/
                end"
            },
            "When": {
                "HasMod: |contains=FlashShifter.StardewValleyExpandedCP": false
            }
        },
        {
            "LogName": "Letter Draft - Clint (SVE)",
            "Action": "EditData",
            "Target": "Data/Events/Blacksmith",
            "Entries": {
                "{{ModId}}_LetterDraft/Friendship Clint 500": "jaunty/4 6/farmer -1000 -1000 2 Clint 11 6 0/skippable/pause 1500/
                --Start/
                emote Clint 28 true/shake Clint 1500/pause 2000/
                speak Clint \"{{i18n:event4.001}}\"/pause 500/faceDirection Clint 2/pause 500/emote Clint 12/pause 300/
                speak Clint \"{{i18n:event4.002}}\"/pause 500/faceDirection Clint 0/pause 500/emote Clint 40/pause 300/
                speak Clint \"{{i18n:event4.003}}\"/pause 500/emote Clint 40/pause 500/
                speak Clint \"{{i18n:event4.004}}\"/pause 500/
                speak Clint \"{{i18n:event4.005}}\"/pause 500/shake Clint 1500/pause 500/
                speak Clint \"{{i18n:event4.006}}\"/
                speak Clint \"{{i18n:event4.007}}\"/pause 500/move Clint -3 0 0/move Clint 0 -1 1/move Clint 1 0 0/pause 500/
                speak Clint \"{{i18n:event4.008}}\"/pause 500/emote Clint 28/pause 500/
                end"
            },
            "When": {
                "HasMod: |contains=FlashShifter.StardewValleyExpandedCP": true
            }
        },
        //Advice: patch reload L0veRaven.PTEE
        //Advice: debug ebi L0veRaven.PTEE_Advice
        {
            "LogName": "Advice - Pam, Shane, Penny",
            "Action": "EditData",
            "Target": "Data/Events/Town",
            "Entries": {
                "{{ModId}}_Advice/Friendship Penny 1000 Shane 1000/Weather sunny/SawEvent 3910674/DayOfWeek Sunday": "jaunty/72 70/farmer -1000 -1000 2 Pam 73 69 2 Shane 71 69 2 Penny -999 -1000 2/skippable/pause 5000/
                --Start/
                speak Pam \"{{i18n:event5.001}}\"/pause 500/
                speak Shane \"{{i18n:event5.002}}\"/pause 500/faceDirection Shane 1/pause 500/
                speak Shane \"{{i18n:event5.003}}\"/pause 500/
                speak Pam \"{{i18n:event5.004}}\"/pause 500/faceDirection Shane 2/pause 500/showFrame Shane 19/pause 500/
                speak Shane \"{{i18n:event5.005}}\"/pause 500/
                speak Pam \"{{i18n:event5.006}}\"/pause 500/
                speak Shane \"{{i18n:event5.007}}\"/pause 500/
                speak Pam \"{{i18n:event5.008}}\"/pause 500/showFrame Shane 0/pause 500/
                speak Shane \"{{i18n:event5.009}}\"/pause 500/
                speak Pam \"{{i18n:event5.010}}\"/pause 500/faceDirection Pam 2/pause 500/
                speak Pam \"{{i18n:event5.011}}\"/pause 500/
                speak Shane \"{{i18n:event5.012}}\"/pause 500/faceDirection Pam 3/pause 500/
                speak Pam \"{{i18n:event5.013}}\"/pause 500/faceDirection Shane 1/pause 500/
                speak Shane \"{{i18n:event5.014}}\"/pause 1000/
                speak Pam \"{{i18n:event5.015}}\"/pause 1000/warp Penny 72 69/pause 1000/faceDirection Penny 1/pause 300/faceDirection Penny 3/pause 500/
                speak Penny \"{{i18n:event5.016}}\"/pause 500/
                speak Shane \"{{i18n:event5.017}}\"/pause 500/
                speak Pam \"{{i18n:event5.018}}\"/pause 500/faceDirection Penny 1/pause 500/
                speak Penny \"{{i18n:event5.019}}\"/pause 500/
                speak Pam \"{{i18n:event5.020}}\"/pause 500/faceDirection Shane 2 true/faceDirection Pam 2 true/move Penny 0 2 3/move Penny -5 0 3/faceDirection Shane 3 true/faceDirection Pam 3 true/move Penny -5 0 3/
                end"
            }
        },
        //Memories: patch reload L0veRaven.PTEE
        //Memories: debug ebi L0veRaven.PTEE_Memories
        //1.0.1 update: reduced friendship point requirement
        {
            "LogName": "Memories - Jas",
            "Action": "EditData",
            "Target": "Data/Events/Town",
            "Entries": {
                "{{ModId}}_Memories/Friendship Jas 250/Weather sunny/DayOfWeek Sunday Monday": "jaunty/47 89/farmer -1000 -1000 2 Jas 47 94 0/skippable/pause 500/
                --Start/move Jas 0 -5 0/pause 1500/faceDirection Jas 1/pause 500/faceDirection Jas 3/pause 500/emote Jas 40 true/faceDirection Jas 2/pause 1500/
                speak Jas \"{{i18n:event6.001}}\"/pause 500/shake Jas 1000/pause 1500/
                speak Jas \"{{i18n:event6.002}}\"/pause 500/move Jas -2 0 3/pause 500/
                speak Jas \"{{i18n:event6.003}}\"/pause 500/move Jas 4 0 1/pause 500/
                speak Jas \"{{i18n:event6.004}}\"/pause 500/move Jas -2 0 2/pause 500/
                speak Jas \"{{i18n:event6.005}}\"/pause 500/shake Jas 1000/pause 1500/
                speak Jas \"{{i18n:event6.006}}\"/pause 500/shake Jas 1000/pause 1500/emote Jas 40/pause 1000/move Jas 0 5 2/
                end"
            }
        },
        //Bonds: patch reload L0veRaven.PTEE
        //Bonds: debug ebi L0veRaven.PTEE_Bonds
        //1.0.1 update: reduced friendship point requirement
        {
            "LogName": "Bonds - Sam, Penny",
            "Action": "EditData",
            "Target": "Data/Events/Beach",
            "Entries": {
                "{{ModId}}_Bonds/Friendship Penny 1000 Sam 1000/Weather sunny/DayOfWeek Mon Tue Wed Thu Fri/Year 1/Time 1200 1600": "jaunty/11 13/farmer -1000 -1000 2 Penny 11 12 3 Sam 17 12 3/skippable/pause 500/
                --Start/
                move Sam -4 0 3/pause 500/
                speak Penny \"{{i18n:event7.001}}\"/pause 500/emote Penny 40/pause 500/jump Sam 4/pause 500/faceDirection Penny 1/pause 500/jump Penny 4/pause 500/
                speak Penny \"{{i18n:event7.002}}\"/pause 500/
                speak Sam \"{{i18n:event7.003}}\"/pause 500/
                speak Penny \"{{i18n:event7.004}}\"/faceDirection Penny 3 true/move Sam 0 -2 3/move Sam -2 0 3/pause 1500/
                speak Penny \"{{i18n:event7.005}}\"/pause 1500/
                speak Sam \"{{i18n:event7.006}}\"/pause 3000/
                speak Sam \"{{i18n:event7.007}}\"/pause 500/faceDirection Penny 0/pause 500/
                speak Penny \"{{i18n:event7.008}}\"/pause 1500/
                speak Sam \"{{i18n:event7.009}}\"/pause 1000/faceDirection Penny 3/pause 500/
                speak Penny \"{{i18n:event7.010}}\"/pause 500/
                speak Sam \"{{i18n:event7.011}}\"/pause 500/
                emote Sam 40/pause 1500/
                speak Sam \"{{i18n:event7.012}}\"/
                speak Penny \"{{i18n:event7.013}}\"/pause 500/emote Sam 28/pause 1000/
                speak Sam \"{{i18n:event7.014}}\"/pause 1500/
                speak Penny \"{{i18n:event7.015}}\"/pause 2000/
                speak Penny \"{{i18n:event7.016}}\"/pause 500/
                speak Sam \"{{i18n:event7.017}}\"/pause 1500/
                speak Sam \"{{i18n:event7.018}}\"/pause 2000/
                speak Penny \"{{i18n:event7.019}}\"/pause 1000/
                speak Sam \"{{i18n:event7.020}}\"/pause 2000/
                speak Penny \"{{i18n:event7.021}}\"/pause 500/faceDirection Sam 2 true/jump Sam 8/pause 500/
                speak Sam \"{{i18n:event7.022}}\"/pause 500/faceDirection Penny 0/pause 500/
                speak Penny \"{{i18n:event7.023}}\"/pause 500/
                speak Sam \"{{i18n:event7.024}}\"/pause 2000/
                speak Penny \"{{i18n:event7.025}}\"/pause 1000/faceDirection Penny 3/pause 1000/
                speak Penny \"{{i18n:event7.026}}\"/pause 1000/faceDirection Sam 3/pause 1000/
                speak Sam \"{{i18n:event7.027}}\"/pause 1000/
                speak Penny \"{{i18n:event7.028}}\"/pause 2000/
                speak Sam \"{{i18n:event7.029}}\"/pause 2000/
                speak Penny \"{{i18n:event7.030}}\"/pause 2000/
                speak Sam \"{{i18n:event7.031}}\"/pause 500/
                end"
            }
        },
        //1.0.1 Events
        //Mourning: patch reload L0veRaven.PTEE
        //Mourning: debug ebi L0veRaven.PTEE_Mourning
        {
            "LogName": "Mourning - Jas, Farmer",
            "Action": "EditData",
            "Target": "Data/Events/Town",
            "Entries": {
                "{{ModId}}_Mourning/Weather sunny/Friendship Jas 500/DayOfWeek Tuesday Wednesday": "jaunty/47 89/farmer 47 92 0 Jas 45 88 2/skippable/animate Jas false true 100 16 17 18 19/pause 3000/
                --Start/emote farmer 8/pause 500/move farmer 0 -4 3/pause 500/
                speak Jas \"{{i18n:event8.001}}\"/pause 500/stopAnimation Jas 0/faceDirection Jas 1/pause 500/
                speak Jas \"{{i18n:event8.002}}\"/pause 500/emote farmer 8/pause 500/
                speak Jas \"{{i18n:event8.003}}\"/pause 500/shake Jas 1500/emote farmer 28/pause 1000/
                speak Jas \"{{i18n:event8.004}}\"/pause 500/shake Jas 500/pause 150/shake Jas 500/emote farmer 28/pause 1000/
                speak Jas \"{{i18n:event8.005}}\"/pause 500/faceDirection Jas 2/pause 500/
                speak Jas \"{{i18n:event8.006}}\"/pause 500/shake Jas 1500/pause 2000/
                speak Jas \"{{i18n:event8.007}}\"/pause 500/faceDirection Jas 1/pause 1000/
                quickQuestion {{i18n:event8.008}}#{{i18n:event8.009}}#{{i18n:event8.010}}#{{i18n:event8.011}}(break)friendship Jas 50\\pause 500\\speak Jas \"{{i18n:event8.012}}\"\\pause 500(break)friendship Jas 15\\pause 500\\speak Jas \"{{i18n:event8.013}}\"\\pause 500(break)friendship Jas -50\\pause 500\\speak Jas \"{{i18n:event8.014}}\"\\pause 500/
                speak Jas \"{{i18n:event8.015}}\"/pause 500/
                message \"{{i18n:event8.016}}\"/pause 500/
                speak Jas \"{{i18n:event8.017}}\"/pause 500/faceDirection Jas 3/pause 500/
                speak Jas \"{{i18n:event8.018}}\"/pause 500/faceDirection Jas 1/pause 500/
                speak Jas \"{{i18n:event8.019}}\"/pause 500/emote farmer 32/pause 500/
                speak Jas \"{{i18n:event8.020}}\"/faceDirection Jas 2/pause 500/animate Jas false true 100 16 17 18 19/pause 500/move farmer 0 5 2/
                end"
            }
        }
    ]
}