{
    "Changes": [
        {
            "LogName": "Dialogue - Married",
            "Action": "EditData",
            "Target": "Characters/Dialogue/MarriageDialogue{{Tyler}}",
            "Entries": {
                "Spring_{{Tyler}}": "{{i18n:dialogue.marriage.spring}}",
                "Summer_{{Tyler}}": "{{i18n:dialogue.marriage.summer}}",
                "Fall_{{Tyler}}": "{{i18n:dialogue.marriage.fall}}",
                "Winter_{{Tyler}}": "{{i18n:dialogue.marriage.winter}}",
                "patio_{{Tyler}}": "{{marriagePatio}}",
                "Rainy_Day_0": "{{marriageRainyDay}}",
                "Rainy_Day_1": "{{marriageRainyDay}}",
                "Rainy_Day_2": "{{marriageRainyDay}}",
                "Rainy_Day_3": "{{marriageRainyDay}}",
                "Rainy_Day_4": "{{marriageRainyDay}}",
                "Rainy_Day_5": "{{marriageRainyDay}}",
                "Indoor_Day_0": "{{marriageIndoorDay}}",
                "Indoor_Day_1": "{{marriageIndoorDay}}",
                "Indoor_Day_2": "{{marriageIndoorDay}}",
                "Indoor_Day_3": "{{marriageIndoorDay}}",
                "Indoor_Day_4": "{{marriageIndoorDay}}",
                "Indoor_Day_5": "{{marriageIndoorDay}}",
                "Rainy_Night_0": "{{marriageRainyNight}}",
                "Rainy_Night_1": "{{marriageRainyNight}}",
                "Rainy_Night_2": "{{marriageRainyNight}}",
                "Rainy_Night_3": "{{marriageRainyNight}}",
                "Rainy_Night_4": "{{marriageRainyNight}}",
                "Rainy_Night_5": "{{marriageRainyNight}}",
                "Indoor_Night_0": "{{marriageIndoorNight}}",
                "Indoor_Night_1": "{{marriageIndoorNight}}",
                "Indoor_Night_2": "{{marriageIndoorNight}}",
                "Indoor_Night_3": "{{marriageIndoorNight}}",
                "Indoor_Night_4": "{{marriageIndoorNight}}",
                "Indoor_Night_5": "{{marriageIndoorNight}}",
                "funLeave_{{Tyler}}": "{{marriageFunLeave}}",
                "funReturn_{{Tyler}}": "{{marriageFunReturn}}",
                "Outdoor_{{Tyler}}": "{{marriageOutdoor}}",
                "Outdoor_0": "{{marriageOutdoor}}",
                "Outdoor_1": "{{marriageOutdoor}}",
                "Outdoor_2": "{{marriageOutdoor}}",
                "Outdoor_3": "{{marriageOutdoor}}",
                "Outdoor_4": "{{marriageOutdoor}}",
                "spouseRoom_{{Tyler}}": "{{marriageSpouseRoom}}",
                "OneKid_0": "{{marriageOneKid}}",
                "OneKid_1": "{{marriageOneKid}}",
                "OneKid_2": "{{marriageOneKid}}",
                "OneKid_3": "{{marriageOneKid}}",
                "OneKid_4": "{{marriageOneKid}}",
                "TwoKids_0": "{{marriageTwoKids}}",
                "TwoKids_1": "{{marriageTwoKids}}",
                "TwoKids_2": "{{marriageTwoKids}}",
                "TwoKids_3": "{{marriageTwoKids}}",
                "TwoKids_4": "{{marriageTwoKids}}",
                "Good_0": "{{marriageGood}}",
                "Good_1": "{{marriageGood}}",
                "Good_2": "{{marriageGood}}",
                "Good_3": "{{marriageGood}}",
                "Good_4": "{{marriageGood}}",
                "Good_5": "{{marriageGood}}",
                "Good_6": "{{marriageGood}}",
                "Good_7": "{{marriageGood}}",
                "Good_8": "{{marriageGood}}",
                "Good_9": "{{marriageGood}}",
                "Neutral_0": "{{marriageNeutral}}",
                "Neutral_1": "{{marriageNeutral}}",
                "Neutral_2": "{{marriageNeutral}}",
                "Neutral_3": "{{marriageNeutral}}",
                "Neutral_4": "{{marriageNeutral}}",
                "Neutral_5": "{{marriageNeutral}}",
                "Neutral_6": "{{marriageNeutral}}",
                "Neutral_7": "{{marriageNeutral}}",
                "Neutral_8": "{{marriageNeutral}}",
                "Neutral_9": "{{marriageNeutral}}",
                "Bad_0": "{{marriageBad}}",
                "Bad_1": "{{marriageBad}}",
                "Bad_2": "{{marriageBad}}",
                "Bad_3": "{{marriageBad}}",
                "Bad_4": "{{marriageBad}}",
                "Bad_5": "{{marriageBad}}",
                "Bad_6": "{{marriageBad}}",
                "Bad_7": "{{marriageBad}}",
                "Bad_8": "{{marriageBad}}",
                "Bad_9": "{{marriageBad}}"
            }
        }
    ]
}