{
    "Changes": [
        {
            "LogName": "Home Data",
            "Action": "EditData",
            "Target": "Data/Characters",
            "TargetField": ["{{Tyler}}","Home"],
            "Entries": {
                "{{Tyler}}_Apartment": {
                    "Id": "{{Tyler}}_Apartment",
                    "Location": "{{apartment}}",
                    "Tile": {"X": 51,"Y": 13},
                    "Direction": "down"
                }
            }
        }
    ]
}