{
    "Format": "2.6.1",

    "DynamicTokens": [
        //ModCompat
            //ModIDs
                {"Name": "SVE","Value": "FlashShifter.StardewValleyExpandedCP"},
                {"Name": "RSVSO","Value": "Rafseazz.RSVSeasonalOutfits"},
        //Basic Information
            //Emotes
                {"Name": "emoteEmptyCan","Value": "4"},
                {"Name": "emoteQuestion","Value": "8"},
                {"Name": "emoteAngry","Value": "12"},
                {"Name": "emoteExclaim","Value": "16"},
                {"Name": "emoteHeart","Value": "20"},
                {"Name": "emoteSleep","Value": "24"},
                {"Name": "emoteSweat","Value": "28"},
                {"Name": "emoteHappy","Value": "32"},
                {"Name": "emoteX","Value": "36"},
                {"Name": "emotePause","Value": "40"},
                {"Name": "emoteVideoGame","Value": "52"},
                {"Name": "emoteMusic","Value": "56"},
                {"Name": "emoteBlush","Value": "60"},
            //Event Commands
                {"Name": "fadeout","Value": "globalFade/viewport -1000 -1000"},
                {"Name": "fadein","Value": "fade unfade/viewport"},
            //Time
                {"Name": "6am","Value": "600"},{"Name": "610am","Value": "610"},{"Name": "620am","Value": "620"},{"Name": "630am","Value": "630"},{"Name": "640am","Value": "640"},{"Name": "650am","Value": "650"},{"Name": "7am","Value": "700"},{"Name": "710am","Value": "710"},{"Name": "720am","Value": "720"},{"Name": "730am","Value": "730"},{"Name": "740am","Value": "740"},{"Name": "750am","Value": "750"},{"Name": "8am","Value": "800"},{"Name": "810am","Value": "810"},{"Name": "820am","Value": "820"},{"Name": "830am","Value": "830"},{"Name": "840am","Value": "840"},{"Name": "850am","Value": "850"},{"Name": "9am","Value": "900"},{"Name": "910am","Value": "910"},{"Name": "920am","Value": "920"},{"Name": "930am","Value": "930"},{"Name": "940am","Value": "940"},{"Name": "950am","Value": "950"},{"Name": "10am","Value": "1000"},{"Name": "1010am","Value": "1010"},{"Name": "1020am","Value": "1020"},{"Name": "1030am","Value": "1030"},{"Name": "1040am","Value": "1040"},{"Name": "1050am","Value": "1050"},{"Name": "11am","Value": "1100"},{"Name": "1110am","Value": "1110"},{"Name": "1120am","Value": "1120"},{"Name": "1130am","Value": "1130"},{"Name": "1140am","Value": "1140"},{"Name": "1150am","Value": "1150"},{"Name": "12pm","Value": "1200"},{"Name": "1210pm","Value": "1210"},{"Name": "1220pm","Value": "1220"},{"Name": "1230pm","Value": "1230"},{"Name": "1240pm","Value": "1240"},{"Name": "1250pm","Value": "1250"},{"Name": "1pm","Value": "1300"},{"Name": "110pm","Value": "1310"},{"Name": "120pm","Value": "1320"},{"Name": "130pm","Value": "1330"},{"Name": "140pm","Value": "1340"},{"Name": "150pm","Value": "1350"},{"Name": "2pm","Value": "1400"},{"Name": "210pm","Value": "1410"},{"Name": "220pm","Value": "1420"},{"Name": "230pm","Value": "1430"},{"Name": "240pm","Value": "1440"},{"Name": "250pm","Value": "1450"},{"Name": "3pm","Value": "1500"},{"Name": "310pm","Value": "1510"},{"Name": "320pm","Value": "1520"},{"Name": "330pm","Value": "1530"},{"Name": "340pm","Value": "1540"},{"Name": "350pm","Value": "1550"},{"Name": "4pm","Value": "1600"},{"Name": "410pm","Value": "1610"},{"Name": "420pm","Value": "1620"},{"Name": "430pm","Value": "1630"},{"Name": "440pm","Value": "1640"},{"Name": "450pm","Value": "1650"},{"Name": "5pm","Value": "1700"},{"Name": "510pm","Value": "1710"},{"Name": "520pm","Value": "1720"},{"Name": "530pm","Value": "1730"},{"Name": "540pm","Value": "1740"},{"Name": "550pm","Value": "1750"},{"Name": "6pm","Value": "1800"},{"Name": "610pm","Value": "1810"},{"Name": "620pm","Value": "1820"},{"Name": "630pm","Value": "1830"},{"Name": "640pm","Value": "1840"},{"Name": "650pm","Value": "1850"},{"Name": "7pm","Value": "1900"},{"Name": "710pm","Value": "1910"},{"Name": "720pm","Value": "1920"},{"Name": "730pm","Value": "1930"},{"Name": "740pm","Value": "1940"},{"Name": "750pm","Value": "1950"},{"Name": "8pm","Value": "2000"},{"Name": "810pm","Value": "2010"},{"Name": "820pm","Value": "2020"},{"Name": "830pm","Value": "2030"},{"Name": "840pm","Value": "2040"},{"Name": "850pm","Value": "2050"},{"Name": "9pm","Value": "2100"},{"Name": "910pm","Value": "2110"},{"Name": "920pm","Value": "2120"},{"Name": "930pm","Value": "2130"},{"Name": "940pm","Value": "2140"},{"Name": "950pm","Value": "2150"},{"Name": "10pm","Value": "2200"},{"Name": "1010pm","Value": "2210"},{"Name": "1020pm","Value": "2220"},{"Name": "1030pm","Value": "2230"},{"Name": "1040pm","Value": "2240"},{"Name": "1050pm","Value": "2250"},{"Name": "11pm","Value": "2300"},{"Name": "1110pm","Value": "2310"},{"Name": "1120pm","Value": "2320"},{"Name": "1130pm","Value": "2330"},{"Name": "1140pm","Value": "2340"},{"Name": "1150pm","Value": "2350"},{"Name": "12am","Value": "2400"},{"Name": "1210am","Value": "2410"},{"Name": "1220am","Value": "2420"},{"Name": "1230am","Value": "2430"},{"Name": "1240am","Value": "2440"},{"Name": "1250am","Value": "2450"},{"Name": "1am","Value": "2500"},{"Name": "110am","Value": "2510"},{"Name": "120am","Value": "2520"},{"Name": "130am","Value": "2530"},{"Name": "140am","Value": "2540"},{"Name": "150am","Value": "2550"},{"Name": "2am","Value": "2600"},
            //Directions
                {"Name": "up","Value": "0"},{"Name": "right","Value": "1"},{"Name": "down","Value": "2"},{"Name": "left","Value": "3"},
            //Mod Name
                {"Name": "modName", "Value": "L0veRaven.FlorsExploration"},
            //Event Tokens
                {"Name": "safewordPractice_qq_incorrect", "Value": "pause 200\\emote Flor {{emoteSweat}}\\pause 200\\speak Flor \"{{i18n:event.safewordPractice.incorrect_1}}\"\\pause 200\\emote farmer {{emoteSweat}}\\pause 200\\speak Flor \"{{i18n:event.safewordPractice.incorrect_2}}\""},
                {"Name": "safewordPractice_qq_correct", "Value": "pause 200\\emote Flor {{emoteHeart}}\\action AddFriendshipPoints Flor 80\\speak Flor \"{{i18n:event.safewordPractice.correct}}\"\\pause 200\\emote farmer {{emoteBlush}}"}
        ],

    "Changes": [
        //Portrait & Character replacement
            //RSV Seasonal Outfits
        {
            "LogName": "RSVSO - Portrait - Flor_fall",
            "Action": "EditImage",
            "PatchMode": "Overlay",
            "Target": "Portraits/Flor_fall",
            "FromFile": "assets/p-nude-Flor.png",
            "When": {"HasMod |contains={{RSVSO}}": "true"}
        },
        {
            "LogName": "RSVSO - Portrait - Flor_fall27-1",
            "Action": "EditImage",
            "PatchMode": "Overlay",
            "Target": "Portraits/Flor_fall27-1",
            "FromFile": "assets/p-nude-Flor.png",
            "When": {"HasMod |contains={{RSVSO}}": "true"}
        },
        {
            "LogName": "RSVSO - Portrait - Flor_fall27-2",
            "Action": "EditImage",
            "PatchMode": "Overlay",
            "Target": "Portraits/Flor_fall27-2",
            "FromFile": "assets/p-nude-Flor.png",
            "When": {"HasMod |contains={{RSVSO}}": "true"}
        },
        {
            "LogName": "RSVSO - Portrait - Flor_rain",
            "Action": "EditImage",
            "PatchMode": "Overlay",
            "Target": "Portraits/Flor_rain",
            "FromFile": "assets/p-nude-Flor.png",
            "When": {"HasMod |contains={{RSVSO}}": "true"}
        },
        {
            "LogName": "RSVSO - Portrait - Flor_spring",
            "Action": "EditImage",
            "PatchMode": "Overlay",
            "Target": "Portraits/Flor_spring",
            "FromFile": "assets/p-nude-Flor.png",
            "When": {"HasMod |contains={{RSVSO}}": "true"}
        },
        {
            "LogName": "RSVSO - Portrait - Flor_spring24",
            "Action": "EditImage",
            "PatchMode": "Overlay",
            "Target": "Portraits/Flor_spring24",
            "FromFile": "assets/p-nude-Flor.png",
            "When": {"HasMod |contains={{RSVSO}}": "true"}
        },
        {
            "LogName": "RSVSO - Portrait - Flor_summer",
            "Action": "EditImage",
            "PatchMode": "Overlay",
            "Target": "Portraits/Flor_summer",
            "FromFile": "assets/p-nude-Flor.png",
            "When": {"HasMod |contains={{RSVSO}}": "true"}
        },
        {
            "LogName": "RSVSO - Portrait - Flor_winter",
            "Action": "EditImage",
            "PatchMode": "Overlay",
            "Target": "Portraits/Flor_winter",
            "FromFile": "assets/p-nude-Flor.png",
            "When": {"HasMod |contains={{RSVSO}}": "true"}
        },
        {
            "LogName": "RSVSO - Character - Flor_fall",
            "Action": "EditImage",
            "PatchMode": "Overlay",
            "Target": "Characters/Flor_fall",
            "FromFile": "assets/c-nude-Flor.png",
            "When": {"HasMod |contains={{RSVSO}}": "true"}
        },
        {
            "LogName": "RSVSO - Character - Flor_fall27-1",
            "Action": "EditImage",
            "PatchMode": "Overlay",
            "Target": "Characters/Flor_fall27-1",
            "FromFile": "assets/c-nude-Flor.png",
            "When": {"HasMod |contains={{RSVSO}}": "true"}
        },
        {
            "LogName": "RSVSO - Character - Flor_fall27-2",
            "Action": "EditImage",
            "PatchMode": "Overlay",
            "Target": "Characters/Flor_fall27-2",
            "FromFile": "assets/c-nude-Flor.png",
            "When": {"HasMod |contains={{RSVSO}}": "true"}
        },
        {
            "LogName": "RSVSO - Character - Flor_rain",
            "Action": "EditImage",
            "PatchMode": "Overlay",
            "Target": "Characters/Flor_rain",
            "FromFile": "assets/c-nude-Flor.png",
            "When": {"HasMod |contains={{RSVSO}}": "true"}
        },
        {
            "LogName": "RSVSO - Character - Flor_spring",
            "Action": "EditImage",
            "PatchMode": "Overlay",
            "Target": "Characters/Flor_spring",
            "FromFile": "assets/c-nude-Flor.png",
            "When": {"HasMod |contains={{RSVSO}}": "true"}
        },
        {
            "LogName": "RSVSO - Character - Flor_spring24",
            "Action": "EditImage",
            "PatchMode": "Overlay",
            "Target": "Characters/Flor_spring24",
            "FromFile": "assets/c-nude-Flor.png",
            "When": {"HasMod |contains={{RSVSO}}": "true"}
        },
        {
            "LogName": "RSVSO - Character - Flor_summer",
            "Action": "EditImage",
            "PatchMode": "Overlay",
            "Target": "Characters/Flor_summer",
            "FromFile": "assets/c-nude-Flor.png",
            "When": {"HasMod |contains={{RSVSO}}": "true"}
        },
        {
            "LogName": "RSVSO - Character - Flor_winter",
            "Action": "EditImage",
            "PatchMode": "Overlay",
            "Target": "Characters/Flor_winter",
            "FromFile": "assets/c-nude-Flor.png",
            "When": {"HasMod |contains={{RSVSO}}": "true"}
        },
            //Default
        {
            "LogName": "Portrait - Flor",
            "Action": "EditImage",
            "PatchMode": "Overlay",
            "Target": "Portraits/Flor",
            "FromFile": "assets/p-nude-Flor.png"
        },
        {
            "LogName": "Portrait - Flor_winter",
            "Action": "EditImage",
            "PatchMode": "Overlay",
            "Target": "Portraits/Flor_winter",
            "FromFile": "assets/p-nude-Flor.png"
        },
        {
            "LogName": "Character - Flor",
            "Action": "EditImage",
            "PatchMode": "Overlay",
            "Target": "Characters/Flor",
            "FromFile": "assets/c-nude-Flor.png"
        },
        {
            "LogName": "Character - Flor_winter",
            "Action": "EditImage",
            "PatchMode": "Overlay",
            "Target": "Characters/Flor_winter",
            "FromFile": "assets/c-nude-Flor.png"
        },
        //Event 1 - Town
        //debug ebi L0veRaven.FlorsExploration_confession
        {
            "LogName": "Event 1 - Confessing to Farmer",
            "Action": "EditData",
            "Target": "Data/Events/Town",
            "Entries": {
                "{{modName}}_confession/Friendship Flor 2000/NpcVisibleHere Flor/SawEvent 75160132": "playful/62 17/farmer 63 25 {{up}} Flor 62 17 {{down}}/skippable/pause 1000/--Start/emote Flor {{emoteHappy}} true/move farmer 0 -8 {{left}}/faceDirection Flor {{right}}/pause 200/--Flor starts talking/speak Flor \"{{i18n:event.confession.speak_1}}\"/pause 200/emote farmer {{emoteHappy}}/pause 200/faceDirection Flor {{down}}/animate Flor false true 200 26 27/pause 1500/speak Flor \"{{i18n:event.confession.speak_2}}\"/pause 200/emote farmer {{emoteQuestion}}/pause 200/stopAnimation Flor 26/animate Flor false false 1000 24 26/pause 3000/faceDirection Flor {{right}}/pause 200/speak Flor \"{{i18n:event.confession.speak_3}}\"/pause 200/emote farmer {{emoteQuestion}} true/faceDirection Flor {{down}}/pause 200/speak Flor \"{{i18n:event.confession.speak_4}}\"/pause 200/emote farmer {{emoteBlush}}/pause 200/faceDirection Flor {{right}}/speak Flor \"{{i18n:event.confession.speak_5}}\"/pause 200/--Flor walks downward/move Flor 0 2 {{down}} true/faceDirection farmer {{down}}/pause 1000/faceDirection Flor {{up}}//pause 200/speak Flor \"{{i18n:event.confession.speak_6}}\"/shake Flor 2000/pause 1000/faceDirection Flor {{down}}/pause 200/emote Flor {{emoteSweat}}/pause 100/emote Flor {{emoteBlush}}/message \"{{i18n:event.confession.message_1}}\"/speak Flor \"{{i18n:event.confession.speak_7}}\"/pause 200/emote farmer {{emoteQuestion}}/pause 200/faceDirection Flor {{up}}/pause 200/speak Flor \"{{i18n:event.confession.speak_8}}\"/faceDirection Flor {{down}}/pause 200/faceDirection Flor {{up}}/pause 200/speak Flor \"{{i18n:event.confession.speak_9}}\"/pause 200/move Flor 0 20 {{down}} true/pause 200/emote farmer {{emoteBlush}}/{{fadeout}}/--END with end dialogue/end dialogue Flor \"{{i18n:event.confession.endDialogue}}\""
            }
            //"When": {"HasMod |contains={{SVE}}": "true"}
        },
        //Letter [Triggers Event 3]
        {
            "LogName": "Letter for Event 3 - Safeword Practice",
            "Action": "EditData",
            "Target": "Data/Mail",
            "Entries": {
                "{{modName}}_safewordPracticeLetter": "{{i18n:mail.safewordPractice.body}}[#]{{i18n:mail.safewordPractice.title}}"
            }
        },
        //Event 2 - ArchaeologyHouse
        //debug ebi L0veRaven.FlorsExploration_libraryBook
        {
            "LogName": "Event 2 - Library Book",
            "Action": "EditData",
            "Target": "Data/Events/ArchaeologyHouse",
            "Entries": {
                "{{modName}}_libraryBook/SawEvent {{modName}}_confession/Friendship Flor 2250": "libraryTheme/16 5/farmer 9 5 {{up}} Flor 15 5 {{left}}/skippable/action AddMail current {{modName}}_safewordPracticeLetter/showFrame Flor 16 true/pause 500/--Start/move farmer 4 0 {{right}}/pause 200/speak Flor \"{{i18n:event.libraryBook.speak_1}}\"/move farmer 1 0 {{right}}/pause 200/speak Flor \"{{i18n:event.libraryBook.speak_2}}\"/pause 200/emote farmer {{emoteQuestion}}/pause 200/showFrame Flor 39/pause 200/speak Flor \"{{i18n:event.libraryBook.speak_3}}\"/pause 300/shake Flor 2000/pause 1000/speak Flor \"{{i18n:event.libraryBook.speak_4}}\"/pause 500/showFrame Flor 0/pause 200/speak Flor \"{{i18n:event.libraryBook.speak_5}}\"/pause 200/faceDirection Flor {{left}}/speak Flor \"{{i18n:event.libraryBook.speak_6}}\"/pause 200/emote farmer {{emoteMusic}}/pause 200/speak Flor \"{{i18n:event.libraryBook.speak_7}}\"/pause 200/emote farmer {{emoteHeart}}/pause 200/speak Flor \"{{i18n:event.libraryBook.speak_8}}\"/pause 200/emote farmer {{emoteBlush}} true/emote Flor {{emoteHeart}}/pause 300/{{fadeout}}/--END with end dialogue/end dialogue Flor \"{{i18n:event.libraryBook.endDialogue}}\""
            }
        },
        //Event 3 - Safeword Practice
        //debug ebi L0veRaven.FlorsExploration_safewordPractice
        {
            "LogName": "Event 3 - Safeword Practice",
            "Action": "EditData",
            "Target": "Data/Events/Custom_Ridgeside_LogCabinHotel2ndFloor",
            "Entries": {
                "{{modName}}_safewordPractice/LocalMail {{modName}}_safewordPracticeLetter": "sweet/9 5/farmer 6 6 {{left}} Flor 5 6 {{right}}/skippable/pause 2000/--Start/speak Flor \"{{i18n:event.safewordPractice.speak_1}}\"/pause 200/emote farmer {{emoteHappy}}/pause 200/faceDirection Flor {{down}}/pause 200/speak Flor \"{{i18n:event.safewordPractice.speak_2}}\"/pause 200/emote farmer {{emoteBlush}}/pause 300/faceDirection Flor {{right}}/pause 1000/quickQuestion {{i18n:event.safewordPractice.question}}#{{i18n:event.safewordPractice.answer_1}}#{{i18n:event.safewordPractice.answer_2}}#{{i18n:event.safewordPractice.answer_3}}#{{i18n:event.safewordPractice.answer_4}}(break){{safewordPractice_qq_incorrect}}(break){{safewordPractice_qq_incorrect}}(break){{safewordPractice_qq_correct}}(break){{safewordPractice_qq_incorrect}}/pause 200/faceDirection farmer {{down}}/move Flor 0 2 {{down}}/pause 500/faceDirection Flor {{up}}/pause 500/speak Flor \"{{i18n:event.safewordPractice.speak_3}}\"/pause 200/move Flor 0 -1 {{right}}/move farmer 0 1 {{left}}/faceDirection Flor {{right}}/faceDirection farmer {{left}}/pause 2000/shake Flor 1000 true/faceDirection Flor {{down}}/emote farmer {{emoteSweat}}/pause 1000/speak Flor \"{{i18n:event.safewordPractice.speak_4}}\"/pause 200/emote farmer {{emoteHappy}}/pause 500/positionOffset Flor 10 0/showFrame Flor 28/animate farmer true true 200 101/pause 2500/stopAnimation farmer/faceDirection Flor {{right}}/faceDirection farmer {{left}}/pause 200/speak Flor \"{{i18n:event.safewordPractice.speak_5}}\"/pause 200/emote farmer {{emoteHeart}}/pause 200/positionOffset Flor 10 0/showFrame Flor 28/animate farmer true true 200 101/pause 500/shake Flor 300/pause 400/speak Flor \"{{i18n:event.safewordPractice.speak_6}}\"/{{fadeout}}/stopMusic/--START HERE/pause 200/speak Flor \"{{i18n:event.safewordPractice.speak_7}}\"/pause 200/--Reset NPC positions/positionOffset Flor -10 0/showFrame Flor 0/faceDirection farmer {{left}}/{{fadein}} 9 5/pause 200/--RESUME EVENT/emote farmer {{emoteSweat}} true/shake Flor 300/pause 400/speak Flor \"{{i18n:event.safewordPractice.speak_8}}\"/pause 200/faceDirection Flor {{right}}/pause 200/speak Flor \"{{i18n:event.safewordPractice.speak_9}}\"/pause 200/emote farmer {{emoteHappy}}/pause 200/speak Flor \"{{i18n:event.safewordPractice.speak_10}}\"/pause 200/emote Flor {{emotePause}}/pause 500/faceDirection Flor {{down}}/pause 200/speak Flor \"{{i18n:event.safewordPractice.speak_11}}\"/pause 200/{{fadeout}}/end dialogue Flor \"{{i18n:event.safewordPractice.endDialogue}}\""
            }
        },
        //Event 4 - Under the Stars
        //debug ebi L0veRaven.FlorsExploration_underTheStars
        {
            "LogName": "Event 4 - Under the Stars",
            "Action": "EditData",
            "Target": "Data/Events/Beach",
            "Entries": {
                "{{modName}}_underTheStars/SawEvent {{modName}}_safewordPractice/Spouse Flor/Time {{8pm}} {{2am}}": "ocean/10 11/farmer 17 13 {{left}} Flor 10 11 {{left}}/skippable/pause 1000/--Start/move farmer -7 0 {{left}}/pause 1000/speak Flor \"{{i18n:event.underTheStars.speak_1}}\"/pause 500/emote farmer {{emoteMusic}}/pause 3000/speak Flor \"{{i18n:event.underTheStars.speak_2}}\"/pause 500/faceDirection farmer {{up}} true/emote farmer {{emoteQuestion}}/pause 1000/faceDirection Flor {{down}}/pause 500/speak Flor \"{{i18n:event.underTheStars.speak_3}}\"/pause 500/faceDirection Flor {{left}} true/faceDirection farmer {{left}}/pause 3000/speak Flor \"{{i18n:event.underTheStars.speak_4}}\"/pause 2000/speak Flor \"{{i18n:event.underTheStars.speak_5}}\"/pause 500/faceDirection Flor {{down}}/pause 500/speak Flor \"{{i18n:event.underTheStars.speak_6}}\"/pause 500/faceDirection farmer {{up}} true/emote farmer {{emoteQuestion}}/pause 1000/message \"{{i18n:event.underTheStars.message_1}}\"/pause 500/speak Flor \"{{i18n:event.underTheStars.speak_7}}\"/pause 500/move farmer 1 0 {{down}}/move farmer 0 -2 {{left}}/pause 500/faceDirection Flor {{right}} true/emote Flor {{emoteBlush}} true/shake Flor 1000/pause 2000/emote farmer {{emoteQuestion}}/speak Flor \"{{i18n:event.underTheStars.speak_8}}\"/pause 500/positionOffset Flor 10 0/positionOffset farmer -10 0/showFrame Flor 28/animate farmer true true 200 101/pause 2500/stopAnimation farmer/faceDirection Flor {{right}}/faceDirection farmer {{left}}/positionOffset Flor 10 0/positionOffset farmer -10 0/showFrame Flor 28/animate farmer true true 200 101/pause 2500/stopAnimation farmer/faceDirection Flor {{right}}/faceDirection farmer {{left}}/pause 500/speak Flor \"{{i18n:event.underTheStars.speak_9}}\"/{{fadeout}}/changeToTemporaryMap FarmHouse/viewport -1000 -1000/stopMusic/pause 1000/speak Flor \"{{i18n:event.underTheStars.speak_10}}\"/pause 1000/playSound doorCreak/pause 1000/playSound doorClose/pause 2000/speak Flor \"{{i18n:event.underTheStars.speak_11}}\"/pause 2000/speak Flor \"{{i18n:event.underTheStars.speak_12}}\"/pause 2000/speak Flor \"{{i18n:event.underTheStars.speak_13}}\"/pause 1000/playSound slimeHit/pause 500/playSound slimeHit/pause 500/playSound slimeHit/pause 500/playSound slimeHit/pause 500/playSound slimeHit/pause 500/playSound slimeHit/pause 500/playSound slimeHit/pause 500/playSound slimeHit/pause 500/playSound slimeHit/pause 500/playSound slimeHit/pause 500/playSound slimeHit/pause 500/playSound slimeHit/pause 500/playSound slimeHit/speak Flor \"{{i18n:event.underTheStars.speak_14}}\"/playSound slimeHit/pause 500/playSound slimeHit/pause 500/playSound slimeHit/pause 500/playSound slimeHit/pause 500/playSound slimeHit/pause 500/playSound slimeHit/pause 500/playSound slimeHit/pause 500/playSound slimeHit/pause 500/playSound slimeHit/pause 500/playSound slimeHit/pause 500/playSound slimeHit/pause 500/playSound slimeHit/pause 500/playSound slimeHit/pause 500/playSound slimeHit/pause 500/playSound slimeHit/pause 500/playSound slimeHit/pause 500/playSound slimeHit/pause 500/playSound slimeHit/pause 500/playSound slimeHit/pause 500/playSound slimeHit/pause 500/playSound slimeHit/pause 500/playSound slimeHit/pause 500/playSound slimeHit/pause 500/playSound slimeHit/pause 500/playSound slimeHit/pause 500/playSound slimeHit/pause 500/playSound slimeHit/pause 500/playSound slimeHit/speak Flor \"{{i18n:event.underTheStars.speak_15}}\"/playSound slimeHit/pause 200/playSound slimeHit/pause 200/playSound slimeHit/pause 200/playSound slimeHit/pause 200/playSound slimeHit/pause 200/playSound slimeHit/pause 200/playSound slimeHit/pause 200/playSound slimeHit/pause 200/playSound slimeHit/pause 200/playSound slimeHit/pause 200/playSound slimeHit/pause 200/playSound slimeHit/pause 200/playSound slimeHit/pause 200/playSound slimeHit/pause 200/playSound slimeHit/pause 200/playSound slimeHit/pause 200/playSound slimeHit/pause 200/playSound slimeHit/pause 200/playSound slimeHit/pause 200/playSound slimeHit/pause 200/playSound slimeHit/pause 200/playSound slimeHit/pause 200/playSound slimeHit/pause 200/playSound slimeHit/pause 200/playSound slimeHit/pause 200/playSound slimeHit/pause 200/playSound slimeHit/pause 200/playSound slimeHit/pause 200/playSound slimeHit/pause 200/playSound slimeHit/pause 200/playSound slimeHit/pause 200/playSound slimeHit/pause 200/playSound slimeHit/pause 200/playSound slimeHit/pause 200/playSound slimeHit/pause 200/playSound slimeHit/pause 200/playSound slimeHit/pause 200/playSound slimeHit/speak Flor \"{{i18n:event.underTheStars.speak_16}}\"/playSound slimeHit/pause 200/playSound slimeHit/pause 200/playSound slimeHit/pause 200/playSound slimeHit/pause 200/playSound slimeHit/pause 200/playSound slimeHit/pause 200/playSound slimeHit/pause 200/playSound slimeHit/pause 200/playSound slimeHit/pause 200/playSound slimeHit/pause 200/playSound slimeHit/pause 200/playSound slimeHit/pause 200/playSound slimeHit/pause 200/playSound slimeHit/pause 200/playSound slimeHit/pause 200/playSound slimeHit/pause 200/playSound slimeHit/pause 200/playSound slimeHit/pause 200/playSound slimeHit/pause 200/playSound slimeHit/pause 200/playSound slimeHit/pause 200/playSound slimeHit/pause 200/playSound slimeHit/pause 200/playSound slimeHit/pause 200/playSound slimeHit/pause 200/playSound slimeHit/pause 200/playSound slimeHit/pause 200/playSound slimeHit/pause 200/playSound slimeHit/pause 200/playSound slimeHit/pause 200/playSound slimeHit/pause 200/playSound slimeHit/pause 200/playSound slimeHit/pause 200/playSound slimeHit/pause 200/playSound slimeHit/pause 200/playSound slimeHit/pause 200/playSound slimeHit/pause 200/playSound slimeHit/pause 200/playSound slimeHit/pause 200/playSound slimeHit/pause 200/playSound slimeHit/pause 200/playSound slimeHit/pause 200/playSound slimeHit/pause 200/playSound slimeHit/pause 200/playSound slimeHit/pause 200/playSound slimeHit/speak Flor \"{{i18n:event.underTheStars.speak_17}}\"/playSound slimeHit/pause 200/playSound slimeHit/pause 200/playSound slimeHit/pause 200/playSound slimeHit/pause 200/playSound slimeHit/pause 200/playSound slimeHit/pause 200/playSound slimeHit/pause 200/playSound slimeHit/pause 200/playSound slimeHit/pause 200/playSound slimeHit/pause 200/playSound slimeHit/pause 200/playSound slimeHit/pause 200/playSound slimeHit/pause 200/playSound slimeHit/pause 200/playSound slimeHit/pause 200/playSound slimeHit/pause 200/playSound slimeHit/pause 200/playSound slimeHit/pause 200/playSound slimeHit/pause 200/playSound slimeHit/pause 200/playSound slimeHit/pause 200/playSound slimeHit/pause 200/playSound slimeHit/pause 200/playSound slimeHit/pause 200/playSound slimeHit/pause 200/playSound slimeHit/pause 200/playSound slimeHit/pause 200/playSound slimeHit/pause 200/playSound slimeHit/pause 200/playSound slimeHit/pause 200/playSound slimeHit/pause 200/playSound slimeHit/pause 200/playSound slimeHit/pause 200/playSound slimeHit/pause 200/playSound slimeHit/pause 200/playSound slimeHit/pause 200/playSound slimeHit/pause 200/playSound slimeHit/pause 200/playSound slimeHit/pause 200/playSound slimeHit/pause 1500/message \"{{i18n:event.underTheStars.message_2}}\"/pause 500/speak Flor \"{{i18n:event.underTheStars.speak_18}}\"/pause 500/end bed"
            }
        },
        //Event 5 - Concerned For Farmer
        //debug ebi L0veRaven.FlorsExploration_concernedForFarmer
        {
            "LogName": "Event 5 - Concerned For Farmer",
            "Action": "EditData",
            "Target": "Data/Events/BusStop",
            "Entries": {
                "{{modName}}_concernedForFarmer/SawEvent {{modName}}_underTheStars/Spouse Flor": "sweet/35 16/farmer 37 19 {{left}} Flor 34 16 {{down}}/skippable/pause 1000/--Start/move farmer -2 0 {{up}}/emote Flor {{emoteHeart}} true/emote farmer {{emoteHappy}} true/move farmer 0 -3 {{down}}/pause 2000/speak Flor \"{{i18n:event.concernedForFarmer.speak_1}}\"/pause 500/shake Flor 1000/faceDirection farmer {{left}} true/emote farmer {{emoteQuestion}}/pause 1000/faceDirection Flor {{right}}/pause 500/speak Flor \"{{i18n:event.concernedForFarmer.speak_2}}\"/pause 500/emote farmer {{emotePause}}/emote farmer {{emoteQuestion}}/pause 500/speak Flor \"{{i18n:event.concernedForFarmer.speak_3}}\"/pause 500/emote farmer {{emoteBlush}}/pause 500/message \"{{i18n:event.concernedForFarmer.message_1}}\"/pause 500/speak Flor \"{{i18n:event.concernedForFarmer.speak_4}}\"/pause 500/faceDirection Flor {{down}} true/faceDirection farmer {{down}} true/emote farmer {{emoteBlush}} true/emote Flor {{emoteSweat}} true/pause 2000/message \"{{i18n:event.concernedForFarmer.message_2}}\"/pause 500/--Hug START/positionOffset Flor 10 0/positionOffset farmer -10 0/showFrame Flor 28/animate farmer true true 200 101/pause 2500/positionOffset Flor -10 0/positionOffset farmer 10 0/stopAnimation farmer/faceDirection Flor {{right}}/faceDirection farmer {{left}}/--Hug END/pause 500/emote Flor {{emoteBlush}}/pause 500/speak Flor \"{{i18n:event.concernedForFarmer.speak_5}}\"/pause 500/message \"{{i18n:event.concernedForFarmer.message_3}}\"/pause 500/faceDirection Flor {{down}} true/shake Flor 1000/faceDirection farmer {{down}}/pause 1500/speak Flor \"{{i18n:event.concernedForFarmer.speak_6}}\"/pause 500/positionOffset Flor 10 0/showFrame Flor 28/emote farmer {{emoteBlush}}/pause 1000/positionOffset Flor -10 0/faceDirection Flor {{right}}/pause 500/faceDirection farmer {{left}}/pause 500/speak Flor \"{{i18n:event.concernedForFarmer.speak_7}}\"/pause 500/faceDirection farmer {{down}} true/faceDirection Flor {{down}}/pause 1000/speak Flor \"{{i18n:event.concernedForFarmer.speak_8}}\"/pause 500/emote farmer {{emoteHeart}}/pause 500/end dialogue Flor \"{{i18n:event.concernedForFarmer.endDialogue}}\""
            }
        },
        //Event 7 - Letter
        {
            "LogName": "Letter for Event 7 - Couple's Counseling",
            "Action": "EditData",
            "Target": "Data/Mail",
            "Entries": {
                "{{modName}}_couplesCounselingLetter": "{{i18n:mail.couplesCounseling.body}}[#]{{i18n:mail.couplesCounseling.title}}"
            }
        },
        //Event 6 - Why The Dark
        //debug ebi L0veRaven.FlorsExploration_whyTheDark
        {
            "LogName": "Event 6 - Why The Dark",
            "Action": "EditData",
            "Target": "Data/Events/Mountain",
            "Entries": {
                "{{modName}}_whyTheDark/SawEvent {{modName}}_concernedForFarmer/Spouse Flor/Time {{12pm}} {{7pm}}": "sweet/64 14/farmer 65 10 {{down}} Flor 64 14 {{down}}/skippable/action AddMail current {{modName}}_couplesCounselingLetter/pause 1000/--Start/move farmer 0 4 {{down}}/pause 1500/faceDirection Flor {{right}} true/emote Flor {{emoteHappy}}/pause 500/speak Flor \"{{i18n:event.whyTheDark.speak_1}}\"/pause 500/faceDirection farmer {{left}} true/emote farmer {{emoteHappy}}/pause 500/speak Flor \"{{i18n:event.whyTheDark.speak_2}}\"/pause 500/faceDirection farmer {{down}} true/faceDirection Flor {{down}}/pause 2000/message \"{{i18n:event.whyTheDark.message_1}}\"/pause 500/speak Flor \"{{i18n:event.whyTheDark.speak_3}}\"/pause 1000/speak Flor \"{{i18n:event.whyTheDark.speak_4}}\"/faceDirection farmer {{left}} true/emote farmer {{emoteSweat}} true/shake Flor 1000/pause 1500/speak Flor \"{{i18n:event.whyTheDark.speak_5}}\"/pause 2000/message \"{{i18n:event.whyTheDark.message_2}}\"/pause 1000/speak Flor \"{{i18n:event.whyTheDark.speak_6}}\"/pause 2000/faceDirection Flor {{right}}/pause 1500/--Hug/positionOffset Flor 10 0/showFrame Flor 28/animate farmer true true 200 101/pause 1500/message \"{{i18n:event.whyTheDark.message_3}}\"/pause 1500/stopAnimation farmer/faceDirection Flor {{right}}/faceDirection farmer {{left}}/pause 500/speak Flor \"{{i18n:event.whyTheDark.speak_7}}\"/pause 500/message \"{{i18n:event.whyTheDark.message_4}}\"/pause 500/speak Flor \"{{i18n:event.whyTheDark.speak_8}}\"/pause 500/message \"{{i18n:event.whyTheDark.message_5}}\"/pause 500/speak Flor \"{{i18n:event.whyTheDark.speak_9}}\"/pause 500/shake Flor 1000/pause 3000/faceDirection Flor {{down}}/speak Flor \"{{i18n:event.whyTheDark.speak_10}}\"/pause 500/message \"{{i18n:event.whyTheDark.message_6}}\"/pause 500/speak Flor \"{{i18n:event.whyTheDark.speak_11}}\"/pause 500/message \"{{i18n:event.whyTheDark.message_7}}\"/pause 1000/faceDirection Flor {{right}}/pause 1000/speak Flor \"{{i18n:event.whyTheDark.speak_12}}\"/pause 500/emote farmer {{emoteHappy}}/pause 1000/speak Flor \"{{i18n:event.whyTheDark.speak_12}}\"/pause 500/speak Flor \"{{i18n:event.whyTheDark.speak_13}}\"/pause 500/speak Flor \"{{i18n:event.whyTheDark.speak_14}}\"/pause 500/emote farmer {{emoteHeart}}/pause 500/faceDirection farmer {{down}} true/faceDirection Flor {{down}}/pause 3000/{{fadeout}}/end dialogue Flor \"{{i18n:event.whyTheDark.endDialogue}}\""
            }
        },
        //Event 8 - Letter
        {
            "LogName": "Letter for Event 7 - Couple's Counseling",
            "Action": "EditData",
            "Target": "Data/Mail",
            "Entries": {
                "{{modName}}_lightsOnLetter": "{{i18n:mail.lightsOn.body}}[#]{{i18n:mail.lightsOn.title}}"
            }
        },
        //Event 7 - Couple's Counseling
        //debug ebi L0veRaven.FlorsExploration_couplesCounseling
        {
            "LogName": "Event 7 - Couple's Counseling",
            "Action": "EditData",
            "Target": "Data/Events/Custom_Ridgeside_PaulaClinic",
            "Entries": {
                "{{modName}}_couplesCounseling/SawEvent {{modName}}_whyTheDark/LocalMail {{modName}}_couplesCounselingLetter/Spouse Flor/DayOfWeek Monday/Time {{8am}} {{8pm}}/": "sweet/16 6/farmer 18 6 {{up}} Flor 14 6 {{up}} Paula 16 5 {{down}}/skippable/pause 1000/--Start/speak Paula \"{{i18n:event.couplesCounseling.paula_1}}\"/pause 500/faceDirection Flor {{right}}/pause 2000/faceDirection farmer {{left}}/shake Flor 1500/emote farmer {{emoteSweat}} true/emote Flor {{emoteSweat}}/pause 1500/message \"{{i18n:event.couplesCounseling.message_1}}\"/pause 1000/faceDirection Flor {{up}} true/faceDirection farmer {{up}}/pause 500/speak Flor \"{{i18n:event.couplesCounseling.flor_1}}\"/pause 1000/speak Paula \"{{i18n:event.couplesCounseling.paula_2}}\"/pause 500/speak Flor \"{{i18n:event.couplesCounseling.flor_2}}\"/pause 500/speak Paula \"{{i18n:event.couplesCounseling.paula_3}}\"/pause 500/faceDirection Flor {{right}}/emote Flor {{emoteSweat}}/pause 1000/faceDirection Flor {{up}}/pause 1000/speak Flor \"{{i18n:event.couplesCounseling.flor_3}}\"/pause 2000/speak Paula \"{{i18n:event.couplesCounseling.paula_4}}\"/pause 2000/faceDirection Flor {{down}}/pause 1000/faceDirection farmer {{left}} true/emote farmer {{emoteSweat}} true/emote Flor {{emotePause}}/pause 1000/faceDirection Flor {{right}}/speak Flor \"{{i18n:event.couplesCounseling.flor_4}}\"/pause 500/faceDirection Flor {{down}}/shake Flor 1500/pause 2000/faceDirection Flor {{up}}/pause 500/speak Flor \"{{i18n:event.couplesCounseling.flor_5}}\"/pause 500/message \"{{i18n:event.couplesCounseling.message_2}}\"/pause 500/speak Flor \"{{i18n:event.couplesCounseling.flor_6}}\"/pause 500/speak Paula \"{{i18n:event.couplesCounseling.paula_5}}\"/pause 500/faceDirection Flor {{up}} true/faceDirection farmer {{up}}/pause 2000/speak Flor \"{{i18n:event.couplesCounseling.flor_7}}\"/pause 500/speak Paula \"{{i18n:event.couplesCounseling.paula_6}}\"/pause 2000/speak Flor \"{{i18n:event.couplesCounseling.flor_8}}\"/pause 500/speak Paula \"{{i18n:event.couplesCounseling.paula_7}}\"/pause 500/speak Flor \"{{i18n:event.couplesCounseling.flor_9}}\"/pause 500/speak Paula \"{{i18n:event.couplesCounseling.paula_8}}\"/pause 500/speak Flor \"{{i18n:event.couplesCounseling.flor_10}}\"/pause 500/speak Paula \"{{i18n:event.couplesCounseling.paula_9}}\"/pause 500/emote farmer {{emoteHappy}}/move farmer 0 1 {{right}}/move farmer 1 0 {{down}}/move farmer 0 3 {{down}}/doAction 19 11/move farmer 0 5 {{down}}/pause 500/speak Paula \"{{i18n:event.couplesCounseling.paula_10}}\"/pause 500/speak Flor \"{{i18n:event.couplesCounseling.flor_11}}\"/pause 500/speak Paula \"{{i18n:event.couplesCounseling.paula_11}}\"/pause 500/speak Flor \"{{i18n:event.couplesCounseling.flor_12}}\"/pause 500/speak Paula \"{{i18n:event.couplesCounseling.paula_12}}\"/pause 500/speak Flor \"{{i18n:event.couplesCounseling.flor_13}}\"/pause 500/emote Flor {{emoteHappy}} true/emote Paula {{emoteHappy}}/pause 1000/{{fadeout}}/end dialogue Flor \"{{i18n:event.couplesCounseling.endDialogue}}\""
            }
        },
        //Event 8 - Lights On
        //debug ebi L0veRaven.FlorsExploration_lightsOn
        {
            "LogName": "Event 8 - Lights On",
            "Action": "EditData",
            "Target": "Data/Events/Custom_Ridgeside_LogCabinHotel2ndFloor",
            "Entries": {
                "{{modName}}_lightsOn/SawEvent {{modName}}_couplesCounseling/Spouse Flor/Time {{7pm}} {{2am}}/": "sweet/9 5/farmer 7 6 {{left}} Flor 5 6 {{right}}/skippable/pause 2000/--Start/speak Flor \"{{i18n:event.lightsOn.speak_1}}\"/pause 500/emote farmer {{emoteQuestion}}/pause 500/speak Flor \"{{i18n:event.lightsOn.speak_2}}\"/pause 500/emote farmer {{emoteHappy}}/pause 500/{{fadeout}}/showFrame Flor 53/pause 150/playSound grassyStep/pause 500/playSound grassyStep/pause 500/playSound grassyStep/pause 500/playSound grassyStep/pause 1500/speak Flor \"{{i18n:event.lightsOn.speak_3}}\"/pause 500/{{fadein}} 9 5/pause 1000/emote farmer {{emoteHeart}}/showFrame Flor 54/pause 1000/showFrame Flor 53/pause 1000/showFrame Flor 65/emote Flor {{emoteBlush}}/pause 500/speak Flor \"{{i18n:event.lightsOn.speak_4}}\"/pause 500/emote farmer {{emoteHeart}}/pause 500/speak Flor \"{{i18n:event.lightsOn.speak_5}}\"/pause 500/animate Flor false true 150 55 57 55 57 55 57 55 57 56/pause 5000/speak Flor \"{{i18n:event.lightsOn.speak_6}}\"/pause 5000/stopAnimation Flor 59/animate Flor false true 150 60 62 61 64 63/pause 5000/speak Flor \"{{i18n:event.lightsOn.speak_7}}\"/pause 5000/stopAnimation Flor 59/animate Flor false true 150 60 62 61 64 63/pause 5000/speak Flor \"{{i18n:event.lightsOn.speak_8}}\"/pause 5000/stopAnimation Flor 59/animate Flor false true 100 60 62 61 64 63/pause 5000/speak Flor \"{{i18n:event.lightsOn.speak_9}}\"/pause 5000/stopAnimation Flor 59/animate Flor false true 50 60 62 61 64 63/pause 5000/{{fadeout}}/pause 500/speak Flor \"{{i18n:event.lightsOn.speak_10}}\"/pause 5000/speak Flor \"{{i18n:event.lightsOn.speak_11}}\"/stopAnimation Flor 0/faceDirection Flor {{right}}/{{fadein}} 9 5/pause 2000/speak Flor \"{{i18n:event.lightsOn.speak_12}}\"/pause 500/emote farmer {{emoteHappy}}/pause 500/speak Flor \"{{i18n:event.lightsOn.speak_13}}\"/pause 500/emote farmer {{emoteHeart}} true/emote Flor {{emoteHeart}}/pause 1000/--End/{{fadeout}}/end"
            }
        },
        //Event 9 - Follow Up Appointment
        //debug ebi L0veRaven.FlorsExploration_followUpAppointment
        {
            "LogName": "Event 9 - Follow Up Appointment",
            "Action": "EditData",
            "Target": "Data/Events/Custom_Ridgeside_PaulaClinic",
            "Entries": {
                "{{modName}}_followUpAppointment/SawEvent {{modName}}_lightsOn/Spouse Flor/DayOfWeek Monday/Time {{8am}} {{8pm}}/": "sweet/16 6/farmer 18 6 {{up}} Flor 14 6 {{up}} Paula 16 5 {{down}}/skippable/pause 1000/--Start/speak Paula \"{{i18n:event.followUpAppointment.paula_1}}\"/pause 500/faceDirection Flor {{right}}/pause 500/emote Flor {{emoteBlush}}/pause 1000/speak Flor \"{{i18n:event.followUpAppointment.flor_1}}\"/pause 500/speak Paula \"{{i18n:event.followUpAppointment.paula_2}}\"/pause 500/speak Flor \"{{i18n:event.followUpAppointment.flor_2}}\"/pause 500/speak Paula \"{{i18n:event.followUpAppointment.paula_3}}\"/pause 500/speak Flor \"{{i18n:event.followUpAppointment.flor_3}}\"/pause 500/speak Paula \"{{i18n:event.followUpAppointment.paula_4}}\"/pause 500/faceDirection Flor {{right}} true/faceDirection farmer {{left}} true/emote farmer {{emoteQuestion}} true/emote Flor {{emoteQuestion}}/pause 1000/faceDirection Flor {{up}} true/faceDirection farmer {{up}}/pause 1000/message \"{{i18n:event.followUpAppointment.message_1}}\"/pause 1000/speak Flor \"{{i18n:event.followUpAppointment.flor_4}}\"/pause 1000/speak Paula \"{{i18n:event.followUpAppointment.paula_5}}\"/pause 500/speak Flor \"{{i18n:event.followUpAppointment.flor_5}}\"/pause 500/speak Paula \"{{i18n:event.followUpAppointment.paula_6}}\"/pause 500/faceDirection farmer {{left}} true/faceDirection Flor {{right}} true/emote farmer {{emoteHappy}} true/emote Flor {{emoteHappy}}/pause 1000/{{fadeout}}/end"
            }
        },
        //Event 10 - Frisky Shower
        //debug ebi L0veRaven.FlorsExploration_friskyShower
        {
            "LogName": "Event 10 - Frisky Shower",
            "Action": "EditData",
            "Target": "Data/Events/Railroad",
            "Entries": {
                "{{modName}}_friskyShower/SawEvent {{modName}}_followUpAppointment/Spouse Flor/DayOfWeek Monday": "sweet/3 5/farmer -1000 -1000 {{down}} Flor 3 5 {{down}}/skippable/changeToTemporaryMap BathHouse_WomensLocker/showFrame Flor 53/pause 2500/--Start/speak Flor \"{{i18n:event.friskyShower.speak_1}}\"/pause 500/showFrame Flor 65/pause 500/speak Flor \"{{i18n:event.friskyShower.speak_2}}\"/pause 500/showFrame Flor 53/pause 500/animate Flor false true 500 55 56 57 57 55 58 56 57 55/pause 3000/speak Flor \"{{i18n:event.friskyShower.speak_3}}\"/pause 5000/stopAnimation Flor 55/animate Flor false true 300 55 56 57 57 55 58 56 57 55/pause 3000/speak Flor \"{{i18n:event.friskyShower.speak_4}}\"/stopAnimation Flor 55/animate Flor false false 300 60 61 62 63 64/stopAnimation Flor 61/animate Flor false true 300 61 63 62 64/pause 10000/speak Flor \"{{i18n:event.friskyShower.speak_5}}\"/pause 2000/stopAnimation Flor 64/animate Flor false true 200 61 63 62 64/pause 10000/speak Flor \"{{i18n:event.friskyShower.speak_6}}\"/pause 3000/stopAnimation Flor 61/pause 500/showFrame Flor 63/pause 250/showFrame Flor 61/pause 2000/showFrame Flor 53/pause 1000/speak Flor \"{{i18n:event.friskyShower.speak_7}}\"/pause 1000/end"
            }
        },
    ]
}