{
    "Changes": [
        {
            "LogName": "Event: 10 Heart - The Usual", //debug ebi L0veRaven_TylerGalpin_TheUsual
            "Action": "EditData",
            "Target": "Data/Events/Saloon",
            "Entries": {
                "{{Tyler}}_TheUsual/Friendship {{Tyler}} 2500/Time {{8pm}} {{12am}}": "Saloon1/14 20/farmer 14 24 {{up}} {{Tyler}} 17 18 {{down}} Gus 14 18 {{down}}/skippable/pause 1000/move farmer 0 -3 {{right}}/move farmer 3 0 {{up}}/move farmer 0 -1 {{up}}/pause 500/emote farmer {{emoteHappy}} true/emote {{Tyler}} {{emoteHappy}}/pause 500/speak {{Tyler}} \"{{i18n:event.theUsual.speak.1}}\"/pause 150/emote farmer {{emoteHappy}}/pause 150/speak {{Tyler}} \"{{i18n:event.theUsual.speak.2}}\"/pause 150/move {{Tyler}} 0 -1 {{up}}/pause 500/move {{Tyler}} 0 1 {{down}}/pause 500/speak {{Tyler}} \"{{i18n:event.theUsual.speak.3}}\"/pause 150/farmerEat 253/{{fadeout}}/stopMusic/warp farmer 48 87/faceDirection farmer {{left}}/warp {{Tyler}} 46 87/faceDirection {{Tyler}} {{right}}/changeToTemporaryMap Town/viewport 47 89/playMusic nightTime/speak {{Tyler}} \"{{i18n:event.theUsual.speak.4}}\"/pause 500/emote farmer {{emoteBlush}}/pause 500/speak {{Tyler}} \"{{i18n:event.theUsual.speak.5}}\"/pause 500/speak {{Tyler}} \"{{i18n:event.theUsual.speak.6}}\"/pause 500/faceDirection {{Tyler}} {{down}}/pause 500/speak {{Tyler}} \"{{i18n:event.theUsual.speak.7}}\"/pause 500/faceDirection {{Tyler}} {{right}}/pause 500/speak {{Tyler}} \"{{i18n:event.theUsual.speak.8}}\"/pause 500/emote farmer {{emoteHeart}}/pause 500/speak {{Tyler}} \"{{i18n:event.theUsual.speak.9}}\"/pause 500/emote farmer {{emoteHappy}}/pause 500/speak {{Tyler}} \"{{i18n:event.theUsual.speak.10}}\"/pause 500/faceDirection farmer {{down}} true/faceDirection {{Tyler}} {{down}}/pause 500/pause 1000/end dialogue {{Tyler}} \"{{i18n:event.theUsual.speak.end}}\""
            }
        }
    ]
}