{
    "Changes": [
        {
            "LogName": "Apartment Patch",
            "Action": "EditMap",
            "Target": "Maps/FRL_NPCApt_Floor1",
            "FromFile": "data/maps/{{Tyler}}_Apartment.tmx",
            "PatchMode": "Replace",
            "ToArea": {"X": 49, "Y": 8, "Width": 11, "Height": 11},
            "MapTiles": [
                {
                    "Layer": "Buildings",
                    "Position": {"X": 54,"Y": 21},
                    "SetProperties": {"Action": "Door {{Tyler}}"}
                }
            ]
        }
    ]
}