{
    "Format": "2.8.0",
    "DynamicTokens": [
        //Mod Info
        {"Name": "Nexus","Value": "27407"},
        //ModCompat Nicknames -> External ModId's
        {"Name": "NPCA","Value": "FireRedLily.NPCApartments"},
        {"Name": "SVE","Value": "FlashShifter.StardewValleyExpandedCP"},
        //Internal Names
        {"Name": "Tyler","Value": "L0veRaven_TylerGalpin"},
        {"Name": "TylerLC","Value": "l0veraven_tylergalpin"},
        //Locations
        {"Name": "apartment","Value": "FRL_NPCApt_Floor1"},
        //Emotes
        {"Name": "emoteEmptyCan","Value": "4"},
        {"Name": "emoteQuestion","Value": "8"},
        {"Name": "emoteAngry","Value": "12"},
        {"Name": "emoteExclaim","Value": "16"},
        {"Name": "emoteHeart","Value": "20"},
        {"Name": "emoteSleep","Value": "24"},
        {"Name": "emoteSweat","Value": "28"},
        {"Name": "emoteHappy","Value": "32"},
        {"Name": "emoteX","Value": "36"},
        {"Name": "emotePause","Value": "40"},
        {"Name": "emoteVideoGame","Value": "52"},
        {"Name": "emoteMusic","Value": "56"},
        {"Name": "emoteBlush","Value": "60"},
        //Event Commands
        {"Name": "fadeout","Value": "globalFade/viewport -1000 -1000"},
        //Time
        {"Name": "6am","Value": "600"},
        {"Name": "610am","Value": "610"},
        {"Name": "620am","Value": "620"},
        {"Name": "630am","Value": "630"},
        {"Name": "640am","Value": "640"},
        {"Name": "650am","Value": "650"},
        {"Name": "7am","Value": "700"},
        {"Name": "710am","Value": "710"},
        {"Name": "720am","Value": "720"},
        {"Name": "730am","Value": "730"},
        {"Name": "740am","Value": "740"},
        {"Name": "750am","Value": "750"},
        {"Name": "8am","Value": "800"},
        {"Name": "810am","Value": "810"},
        {"Name": "820am","Value": "820"},
        {"Name": "830am","Value": "830"},
        {"Name": "840am","Value": "840"},
        {"Name": "850am","Value": "850"},
        {"Name": "9am","Value": "900"},
        {"Name": "910am","Value": "910"},
        {"Name": "920am","Value": "920"},
        {"Name": "930am","Value": "930"},
        {"Name": "940am","Value": "940"},
        {"Name": "950am","Value": "950"},
        {"Name": "10am","Value": "1000"},
        {"Name": "1010am","Value": "1010"},
        {"Name": "1020am","Value": "1020"},
        {"Name": "1030am","Value": "1030"},
        {"Name": "1040am","Value": "1040"},
        {"Name": "1050am","Value": "1050"},
        {"Name": "11am","Value": "1100"},
        {"Name": "1110am","Value": "1110"},
        {"Name": "1120am","Value": "1120"},
        {"Name": "1130am","Value": "1130"},
        {"Name": "1140am","Value": "1140"},
        {"Name": "1150am","Value": "1150"},
        {"Name": "12pm","Value": "1200"},
        {"Name": "1210pm","Value": "1210"},
        {"Name": "1220pm","Value": "1220"},
        {"Name": "1230pm","Value": "1230"},
        {"Name": "1240pm","Value": "1240"},
        {"Name": "1250pm","Value": "1250"},
        {"Name": "1pm","Value": "1300"},
        {"Name": "110pm","Value": "1310"},
        {"Name": "120pm","Value": "1320"},
        {"Name": "130pm","Value": "1330"},
        {"Name": "140pm","Value": "1340"},
        {"Name": "150pm","Value": "1350"},
        {"Name": "2pm","Value": "1400"},
        {"Name": "210pm","Value": "1410"},
        {"Name": "220pm","Value": "1420"},
        {"Name": "230pm","Value": "1430"},
        {"Name": "240pm","Value": "1440"},
        {"Name": "250pm","Value": "1450"},
        {"Name": "3pm","Value": "1500"},
        {"Name": "310pm","Value": "1510"},
        {"Name": "320pm","Value": "1520"},
        {"Name": "330pm","Value": "1530"},
        {"Name": "340pm","Value": "1540"},
        {"Name": "350pm","Value": "1550"},
        {"Name": "4pm","Value": "1600"},
        {"Name": "410pm","Value": "1610"},
        {"Name": "420pm","Value": "1620"},
        {"Name": "430pm","Value": "1630"},
        {"Name": "440pm","Value": "1640"},
        {"Name": "450pm","Value": "1650"},
        {"Name": "5pm","Value": "1700"},
        {"Name": "510pm","Value": "1710"},
        {"Name": "520pm","Value": "1720"},
        {"Name": "530pm","Value": "1730"},
        {"Name": "540pm","Value": "1740"},
        {"Name": "550pm","Value": "1750"},
        {"Name": "6pm","Value": "1800"},
        {"Name": "610pm","Value": "1810"},
        {"Name": "620pm","Value": "1820"},
        {"Name": "630pm","Value": "1830"},
        {"Name": "640pm","Value": "1840"},
        {"Name": "650pm","Value": "1850"},
        {"Name": "7pm","Value": "1900"},
        {"Name": "710pm","Value": "1910"},
        {"Name": "720pm","Value": "1920"},
        {"Name": "730pm","Value": "1930"},
        {"Name": "740pm","Value": "1940"},
        {"Name": "750pm","Value": "1950"},
        {"Name": "8pm","Value": "2000"},
        {"Name": "810pm","Value": "2010"},
        {"Name": "820pm","Value": "2020"},
        {"Name": "830pm","Value": "2030"},
        {"Name": "840pm","Value": "2040"},
        {"Name": "850pm","Value": "2050"},
        {"Name": "9pm","Value": "2100"},
        {"Name": "910pm","Value": "2110"},
        {"Name": "920pm","Value": "2120"},
        {"Name": "930pm","Value": "2130"},
        {"Name": "940pm","Value": "2140"},
        {"Name": "950pm","Value": "2150"},
        {"Name": "10pm","Value": "2200"},
        {"Name": "1010pm","Value": "2210"},
        {"Name": "1020pm","Value": "2220"},
        {"Name": "1030pm","Value": "2230"},
        {"Name": "1040pm","Value": "2240"},
        {"Name": "1050pm","Value": "2250"},
        {"Name": "11pm","Value": "2300"},
        {"Name": "1110pm","Value": "2310"},
        {"Name": "1120pm","Value": "2320"},
        {"Name": "1130pm","Value": "2330"},
        {"Name": "1140pm","Value": "2340"},
        {"Name": "1150pm","Value": "2350"},
        {"Name": "12am","Value": "2400"},
        {"Name": "1210am","Value": "2410"},
        {"Name": "1220am","Value": "2420"},
        {"Name": "1230am","Value": "2430"},
        {"Name": "1240am","Value": "2440"},
        {"Name": "1250am","Value": "2450"},
        {"Name": "1am","Value": "2500"},
        {"Name": "110am","Value": "2510"},
        {"Name": "120am","Value": "2520"},
        {"Name": "130am","Value": "2530"},
        {"Name": "140am","Value": "2540"},
        {"Name": "150am","Value": "2550"},
        {"Name": "2am","Value": "2600"},
        //Directions
        {"Name": "up","Value": "0"},
        {"Name": "right","Value": "1"},
        {"Name": "down","Value": "2"},
        {"Name": "left","Value": "3"},
        //Animations
        {"Name": "animate_sweep","Value": "{{TylerLC}}_sweep"},
        //Positions
        //Dialogue
        {"Name": "extraDialogue","Value": "{{i18n:dialogue.extra.{{Random:{{Range:1,7}}}}}}"},

        {"Name": "0hearts","Value": "{{i18n:dialogue.0heart.{{Random:{{Range:1,10}}}}}}"},
        {"Name": "2hearts","Value": "{{i18n:dialogue.2heart.{{Random:{{Range:1,7}}}}}}"},
        {"Name": "4hearts","Value": "{{i18n:dialogue.4heart.{{Random:{{Range:1,8}}}}}}"},
        {"Name": "6hearts","Value": "{{i18n:dialogue.6heart.{{Random:{{Range:1,7}}}}}}"},
        {"Name": "8hearts","Value": "{{i18n:dialogue.8heart.{{Random:{{Range:1,7}}}}}}"},
        {"Name": "10hearts","Value": "{{i18n:dialogue.10heart.{{Random:{{Range:1,7}}}}}}"},
        
        {"Name": "marriageRainyDay","Value": "{{i18n:dialogue.marriage.raining.day.{{Random:{{Range:1,3}}}}}}"},
        {"Name": "marriageIndoorDay","Value": "{{i18n:dialogue.marriage.indoor.day.{{Random:{{Range:1,4}}}}}}"},
        {"Name": "marriageRainyNight","Value": "{{i18n:dialogue.marriage.raining.night.{{Random:{{Range:1,4}}}}}}"},
        {"Name": "marriageIndoorNight","Value": "{{i18n:dialogue.marriage.indoor.night.{{Random:{{Range:1,5}}}}}}"},
        {"Name": "marriageFunLeave","Value": "{{i18n:dialogue.marriage.funLeave.{{Random:{{Range:1,3}}}}}}"},
        {"Name": "marriageFunReturn","Value": "{{i18n:dialogue.marriage.funReturn.{{Random:{{Range:1,2}}}}}}"},
        {"Name": "marriagePatio","Value": "{{i18n:dialogue.marriage.patio.{{Random:{{Range:1,2}}}}}}"},
        {"Name": "marriageOutdoor","Value": "{{i18n:dialogue.marriage.outdoor.{{Random:{{Range:1,2}}}}}}"},
        {"Name": "marriageSpouseRoom","Value": "{{i18n:dialogue.marriage.spouseRoom.{{Random:{{Range:1,2}}}}}}"},
        {"Name": "marriageOneKid","Value": "{{i18n:dialogue.marriage.oneKid.{{Random:{{Range:1,3}}}}}}"},
        {"Name": "marriageTwoKids","Value": "{{i18n:dialogue.marriage.twoKids.{{Random:{{Range:1,3}}}}}}"},
        {"Name": "marriageGood","Value": "{{i18n:dialogue.marriage.good.{{Random:{{Range:1,2}}}}}}"},
        {"Name": "marriageNeutral","Value": "{{i18n:dialogue.marriage.neutral.{{Random:{{Range:1,2}}}}}}"},
        {"Name": "marriageBad","Value": "{{i18n:dialogue.marriage.bad.{{Random:{{Range:1,6}}}}}}"},
        {"Name": "scheduleStringSaloon","Value": "{{i18n:dialogue.scheduleString.saloon.{{Random:{{Range:1,2}}}}}}"},
        {"Name": "eggFestivalSingle","Value": "{{i18n:dialogue.eggFestival.single.{{Random:{{Range:1,2}}}}}}"},
        {"Name": "eggFestivalMarried","Value": "{{i18n:dialogue.eggFestival.married.{{Random:{{Range:1,2}}}}}}"},
        {"Name": "flowerDanceSingle","Value": "{{i18n:dialogue.flowerDance.single.{{Random:{{Range:1,2}}}}}}"},
        {"Name": "flowerDanceMarried","Value": "{{i18n:dialogue.flowerDance.married.{{Random:{{Range:1,2}}}}}}"},
        {"Name": "luauSingle","Value": "{{i18n:dialogue.luau.single.{{Random:{{Range:1,2}}}}}}"},
        {"Name": "luauMarried","Value": "{{i18n:dialogue.luau.married.{{Random:{{Range:1,2}}}}}}"},
        {"Name": "moonlightJelliesSingle","Value": "{{i18n:dialogue.moonlightJellies.single.{{Random:{{Range:1,2}}}}}}"},
        {"Name": "moonlightJelliesMarried","Value": "{{i18n:dialogue.moonlightJellies.married.{{Random:{{Range:1,2}}}}}}"},
        {"Name": "fairSingle","Value": "{{i18n:dialogue.fair.single.{{Random:{{Range:1,2}}}}}}"},
        {"Name": "fairMarried","Value": "{{i18n:dialogue.fair.married.{{Random:{{Range:1,2}}}}}}"},
        {"Name": "spiritsEveSingle","Value": "{{i18n:dialogue.spiritsEve.single.{{Random:{{Range:1,2}}}}}}"},
        {"Name": "spiritsEveMarried","Value": "{{i18n:dialogue.spiritsEve.married.{{Random:{{Range:1,2}}}}}}"},
        {"Name": "festivalOfIceSingle","Value": "{{i18n:dialogue.festivalOfIce.single.{{Random:{{Range:1,2}}}}}}"},
        {"Name": "festivalOfIceMarried","Value": "{{i18n:dialogue.festivalOfIce.married.{{Random:{{Range:1,2}}}}}}"},
        {"Name": "winterStarSingle","Value": "{{i18n:dialogue.winterStar.single.{{Random:{{Range:1,2}}}}}}"},
        {"Name": "winterStarMarried","Value": "{{i18n:dialogue.winterStar.married.{{Random:{{Range:1,2}}}}}}"}
    ],
    "Changes": [
        //Map Patch & Location Includes
        {
            "LogName": "Apartment Patch Include",
            "Action": "Include",
            "FromFile": "data/maps/apartment.json"
        },
        {
            "LogName": "Map - Spouse Patio",
            "Action": "Load",
            "Target": "Maps/{{Tyler}}_SpousePatio",
            "FromFile": "data/maps/{{Tyler}}_SpousePatio.tmx"
        },
        {
            "LogName": "Map - Spouse Room",
            "Action": "Load",
            "Target": "Maps/{{Tyler}}_SpouseRoom",
            "FromFile": "data/maps/{{Tyler}}_SpouseRoom.tmx"
        },
        //Blank Loads
        {
            "LogName": "Blank Loads [dialogue, marriageDialogue, schedules, scheduleStrings]",
            "Action": "Load",
            "Target": "Characters/Dialogue/{{Tyler}}, Characters/Dialogue/MarriageDialogue{{Tyler}}, Characters/schedules/{{Tyler}}, Strings/Schedules/{{Tyler}}",
            "FromFile": "blank.json"
        },
        //Data/Characters
        {
            "LogName": "Character Includes",
            "Action": "Include",
            "FromFile": "data/characters/character.json, data/characters/appearance.json, data/characters/winterStarGifts.json, data/characters/home.json, data/concessionTastes.json, data/animationDescriptions.json"
        },
        {
            "LogName": "NPC Gift Taste Include",
            "Action": "Include",
            "FromFile": "data/npcGiftTastes.json"
        },
        //Schedules
        {
            "LogName": "Schedule Unmarried Include",
            "Action": "Include",
            "FromFile": "data/schedules.json"
        },
        //Dialogue
        {
            "LogName": "Dialogue Includes",
            "Action": "Include",
            "FromFile": "data/dialogue/dialogue.json, data/dialogue/marriageDialogueL0veRaven_TylerGalpin.json, data/dialogue/scheduleStrings.json, data/dialogue/extraDialogue.json, data/dialogue/engagementDialogue.json"
        },
        //Festivals
        {
            "LogName": "Festival Includes",
            "Action": "Include",
            "FromFile": "data/festivals/spring13.json, data/festivals/spring24.json, data/festivals/summer11.json, data/festivals/summer28.json, data/festivals/fall16.json, data/festivals/fall27.json, data/festivals/winter8.json, data/festivals/winter25.json"
        },
        //Events
        {
            "LogName": "Event Includes",
            "Action": "Include",
            "FromFile": "data/events/L0veRaven_TylerGalpin_TheHydeTruth.json, data/events/L0veRaven_TylerGalpin_TheUsual.json"
        },
        {
            "LogName": "Mod Compat Includes",
            "Action": "Include",
            "FromFile": "data/modCompat/stardewValleyExpanded.json, data/modCompat/loveFestival.json"
        }
    ]
}